Kode_Desa,years_flagged,n_years,persistence_score,priority_tier,Nama_Desa
1572082006,3,3,1.0,Tier 1 – High Priority,Sungai Ning
1501012001,3,3,1.0,Tier 1 – High Priority,Selam Paung
1572082004,3,3,1.0,Tier 1 – High Priority,Pelayang Raya
1501012003,3,3,1.0,Tier 1 – High Priority,Lempur Mudik
1572082003,3,3,1.0,Tier 1 – High Priority,Talang Lindung
1501012006,3,3,1.0,Tier 1 – High Priority,Lempur Hilir
1501012011,3,3,1.0,Tier 1 – High Priority,Kebun Baru
1572082002,3,3,1.0,Tier 1 – High Priority,Koto Tinggi
1501012013,3,3,1.0,Tier 1 – High Priority,Dusun Baru Lempur
1501012016,3,3,1.0,Tier 1 – High Priority,Sungaihangat
1501012018,3,3,1.0,Tier 1 – High Priority,Manjunto Lempur
1572072006,3,3,1.0,Tier 1 – High Priority,Srimenanti
1572072005,3,3,1.0,Tier 1 – High Priority,Permai Indah
1572032009,3,3,1.0,Tier 1 – High Priority,Dusun Diilir
1572032010,3,3,1.0,Tier 1 – High Priority,Paling Serumpun
1572032013,3,3,1.0,Tier 1 – High Priority,Cempaka
1572042001,3,3,1.0,Tier 1 – High Priority,Baru Debai
1572042002,3,3,1.0,Tier 1 – High Priority,Pendung Hiang
1572022015,3,3,1.0,Tier 1 – High Priority,Sumur Gedang
1572032001,3,3,1.0,Tier 1 – High Priority,Kampung Diilir
1572032002,3,3,1.0,Tier 1 – High Priority,Koto Beringin
1572032003,3,3,1.0,Tier 1 – High Priority,Maliki Air
1572032005,3,3,1.0,Tier 1 – High Priority,Koto Teluk
1572032007,3,3,1.0,Tier 1 – High Priority,Simpang Tiga Rawang
1572022001,3,3,1.0,Tier 1 – High Priority,Koto Renah
1572022002,3,3,1.0,Tier 1 – High Priority,Koto Keras
1572022003,3,3,1.0,Tier 1 – High Priority,Koto Bento
1572022004,3,3,1.0,Tier 1 – High Priority,Koto Lolo
1572022005,3,3,1.0,Tier 1 – High Priority,Koto Tengah
1572022010,3,3,1.0,Tier 1 – High Priority,Sungai Liuk
1572022011,3,3,1.0,Tier 1 – High Priority,Seberang
1509122004,3,3,1.0,Tier 1 – High Priority,Bangun Seranten
1509122006,3,3,1.0,Tier 1 – High Priority,Sungai Jernih
1509122007,3,3,1.0,Tier 1 – High Priority,Bangko Pintas
1572012006,3,3,1.0,Tier 1 – High Priority,Gedang
1572012014,3,3,1.0,Tier 1 – High Priority,Amar Sakti
1501072004,3,3,1.0,Tier 1 – High Priority,Tarutung
1501072011,3,3,1.0,Tier 1 – High Priority,Baru Pulau Sangkar
1501072013,3,3,1.0,Tier 1 – High Priority,Batang Merangin
1501062018,3,3,1.0,Tier 1 – High Priority,Siulak Deras Mudik
1501062039,3,3,1.0,Tier 1 – High Priority,Sungai Batu Gantih Hilir
1501062040,3,3,1.0,Tier 1 – High Priority,Baru Sungai Betung Mudik
1501062041,3,3,1.0,Tier 1 – High Priority,Tanjunggenting Mudik
1501062042,3,3,1.0,Tier 1 – High Priority,Air Betung
1501062043,3,3,1.0,Tier 1 – High Priority,Ujung Ladang
1501052039,3,3,1.0,Tier 1 – High Priority,Pendung Tengah
1501062010,3,3,1.0,Tier 1 – High Priority,Sungaibetung Hilir
1501062012,3,3,1.0,Tier 1 – High Priority,Tanjunggenting
1501052018,3,3,1.0,Tier 1 – High Priority,Pendung Mudik
1501052029,3,3,1.0,Tier 1 – High Priority,Koto Majidin Mudik
1501052035,3,3,1.0,Tier 1 – High Priority,Muara Semerah Mudik
1501052036,3,3,1.0,Tier 1 – High Priority,Sawahan Koto Majidin
1501052037,3,3,1.0,Tier 1 – High Priority,Sawahan Jaya
1501052038,3,3,1.0,Tier 1 – High Priority,Koto Majidin Di Air
1501092015,3,3,1.0,Tier 1 – High Priority,Koto Panjang
1501092016,3,3,1.0,Tier 1 – High Priority,Koto Tengah
1501092017,3,3,1.0,Tier 1 – High Priority,Sungaibendung Air
1501092038,3,3,1.0,Tier 1 – High Priority,Koto Periang
1501082026,3,3,1.0,Tier 1 – High Priority,Limok Manaih Pulau Tengah
1501082027,3,3,1.0,Tier 1 – High Priority,Pasar Jujun
1501092014,3,3,1.0,Tier 1 – High Priority,Koto Baru
1501082008,3,3,1.0,Tier 1 – High Priority,Kt. Dian P. Tengah
1501082012,3,3,1.0,Tier 1 – High Priority,Lempur Danau
1501082023,3,3,1.0,Tier 1 – High Priority,Koto Baru
1501072014,2,2,1.0,Tier 1 – High Priority,Muara Hemat
1501082002,3,3,1.0,Tier 1 – High Priority,Talang Lindung
1501082003,3,3,1.0,Tier 1 – High Priority,Keluru
1501082006,3,3,1.0,Tier 1 – High Priority,Benik
1501082007,3,3,1.0,Tier 1 – High Priority,Kt Tuo P. Tengah
1509112002,3,3,1.0,Tier 1 – High Priority,Balai Rajo
1509112005,3,3,1.0,Tier 1 – High Priority,Paseban
1509112006,3,3,1.0,Tier 1 – High Priority,Pasir Mayang
1509122002,3,3,1.0,Tier 1 – High Priority,Pintas Tuo
1509122003,3,3,1.0,Tier 1 – High Priority,Embacang Gedang
1509102003,3,3,1.0,Tier 1 – High Priority,Bukit Pamuatan
1509102008,3,3,1.0,Tier 1 – High Priority,Teluk Melintang
1509112001,3,3,1.0,Tier 1 – High Priority,Teluk Kepayang Pulau Indah
1509092001,3,3,1.0,Tier 1 – High Priority,Muara Kilis
1509092002,3,3,1.0,Tier 1 – High Priority,Penapalan
1509092003,3,3,1.0,Tier 1 – High Priority,Mengupeh
1509092005,3,3,1.0,Tier 1 – High Priority,Lubuk Mandarsah
1509072006,3,3,1.0,Tier 1 – High Priority,Suka Maju
1509082001,3,3,1.0,Tier 1 – High Priority,Giriwinangun
1509082004,3,3,1.0,Tier 1 – High Priority,Karang Dadi
1509082007,3,3,1.0,Tier 1 – High Priority,Sarimulya
1501112020,3,3,1.0,Tier 1 – High Priority,Kemantan Mudik
1501112021,3,3,1.0,Tier 1 – High Priority,Simpang Empat Sungai Tutung
1501112024,3,3,1.0,Tier 1 – High Priority,Baru Sungaimedang
1501112026,2,2,1.0,Tier 1 – High Priority,Baru Air Hangat
1501112009,3,3,1.0,Tier 1 – High Priority,Baru Sungai Tutung
1501112012,3,3,1.0,Tier 1 – High Priority,Pungut Mudik
1501112015,3,3,1.0,Tier 1 – High Priority,Sungaitutung
1501112003,3,3,1.0,Tier 1 – High Priority,Kemantan Darat
1501112004,3,3,1.0,Tier 1 – High Priority,Sungaiabu
1501112006,3,3,1.0,Tier 1 – High Priority,Koto Tebat
1501112007,3,3,1.0,Tier 1 – High Priority,Sungaimedang
1501112008,3,3,1.0,Tier 1 – High Priority,Air Hangat
1501092042,3,3,1.0,Tier 1 – High Priority,Pasar Sungai Tanduk
1501092043,3,3,1.0,Tier 1 – High Priority,Mekar Sari
1501092045,3,3,1.0,Tier 1 – High Priority,Mekar Jaya
1501092049,3,3,1.0,Tier 1 – High Priority,Bendung Air Timur
1509062014,3,3,1.0,Tier 1 – High Priority,Dusun Baru
1509062015,3,3,1.0,Tier 1 – High Priority,Tabun
1509062016,3,3,1.0,Tier 1 – High Priority,Muara Tabun
1509072001,3,3,1.0,Tier 1 – High Priority,Suka Damai
1509072003,3,3,1.0,Tier 1 – High Priority,Sumber Sari
1509072004,3,3,1.0,Tier 1 – High Priority,Sido Rukun
1509062002,3,3,1.0,Tier 1 – High Priority,Kuamang
1509062004,3,3,1.0,Tier 1 – High Priority,Sungai Abang
1509062013,3,3,1.0,Tier 1 – High Priority,Teluk Lancang
1509052004,3,3,1.0,Tier 1 – High Priority,Tambun Arang
1509052005,3,3,1.0,Tier 1 – High Priority,Punti Kalo
1509052007,3,3,1.0,Tier 1 – High Priority,Tuo Sumay
1509052010,3,3,1.0,Tier 1 – High Priority,Muara Sekalo
1509042005,3,3,1.0,Tier 1 – High Priority,Tegal Arum
1509042007,3,3,1.0,Tier 1 – High Priority,Sapta Mulia
1509042008,3,3,1.0,Tier 1 – High Priority,Pematang Sapat
1509052001,3,3,1.0,Tier 1 – High Priority,Teluk Singkawang
1501162016,3,3,1.0,Tier 1 – High Priority,Air Terjun
1501162021,3,3,1.0,Tier 1 – High Priority,Koto Lebuh Tinggi
1501162025,3,3,1.0,Tier 1 – High Priority,Koto Tengah
1501162006,3,3,1.0,Tier 1 – High Priority,Siulak Kecil Mudik
1501162010,3,3,1.0,Tier 1 – High Priority,Sungaipegeh
1501152008,3,3,1.0,Tier 1 – High Priority,Telun Berasap
1501152009,3,3,1.0,Tier 1 – High Priority,Bumbun Duri
1501152010,3,3,1.0,Tier 1 – High Priority,Pesisir Bukit
1501152011,3,3,1.0,Tier 1 – High Priority,Pauh Tinggi
1501152012,3,3,1.0,Tier 1 – High Priority,Sungaijernih
1501152013,3,3,1.0,Tier 1 – High Priority,Pelompek Pasar Baru
1501162004,3,3,1.0,Tier 1 – High Priority,Pasar Siulak Gedang
1501152002,3,3,1.0,Tier 1 – High Priority,Sungaisikai
1501152003,3,3,1.0,Tier 1 – High Priority,Tangkil
1501152006,3,3,1.0,Tier 1 – High Priority,Bengkolan Duo
1501152007,3,3,1.0,Tier 1 – High Priority,Lubuk Pauh
1509032016,3,3,1.0,Tier 1 – High Priority,Pulau Jelmu
1509032017,3,3,1.0,Tier 1 – High Priority,Medan Seri Rambahan
1509032019,3,3,1.0,Tier 1 – High Priority,Teluk Pandan Rambahan
1509042002,3,3,1.0,Tier 1 – High Priority,Perintis
1509042003,3,3,1.0,Tier 1 – High Priority,Rimbo Mulyo
1509032005,3,3,1.0,Tier 1 – High Priority,Teluk Kasai Rambahan
1509032008,3,3,1.0,Tier 1 – High Priority,Bungo Tanjung
1509032010,3,3,1.0,Tier 1 – High Priority,Lubuk Benteng
1509032011,3,3,1.0,Tier 1 – High Priority,Teluk Kuali
1509022015,3,3,1.0,Tier 1 – High Priority,Muara Ketalo
1509022017,3,3,1.0,Tier 1 – High Priority,Sungai Bengkal Barat
1509032002,3,3,1.0,Tier 1 – High Priority,Sungai Rambai
1509032003,3,3,1.0,Tier 1 – High Priority,Pagar Puding
1509012010,3,3,1.0,Tier 1 – High Priority,Sungai Keruh
1509012012,3,3,1.0,Tier 1 – High Priority,Sungai Alai
1509022002,3,3,1.0,Tier 1 – High Priority,Sungai Aro
1509022003,3,3,1.0,Tier 1 – High Priority,Teluk Rendah Pasar
1501172017,3,3,1.0,Tier 1 – High Priority,Kubang Agung
1501172019,3,3,1.0,Tier 1 – High Priority,Koto Simpai Kubang
1501172020,3,3,1.0,Tier 1 – High Priority,Pahlawan Belui
1501182001,3,3,1.0,Tier 1 – High Priority,Mukai Hilir
1501182004,3,3,1.0,Tier 1 – High Priority,Senimpik
1501172009,3,3,1.0,Tier 1 – High Priority,Tebat Ijuk
1501172011,3,3,1.0,Tier 1 – High Priority,Simpang Belui
1501172013,3,3,1.0,Tier 1 – High Priority,Ladeh
1501172014,3,3,1.0,Tier 1 – High Priority,Lubuk Suli
1501172015,3,3,1.0,Tier 1 – High Priority,Kayu Aho Mangkak Koto Lanang
1501172016,3,3,1.0,Tier 1 – High Priority,Tambak Tinggi
1501172002,3,3,1.0,Tier 1 – High Priority,Baru Kubang
1501172003,3,3,1.0,Tier 1 – High Priority,Koto Panjang
1501172004,3,3,1.0,Tier 1 – High Priority,Kubang Gedang
1501172005,3,3,1.0,Tier 1 – High Priority,Semumu
1501172006,3,3,1.0,Tier 1 – High Priority,Belui Tinggi
1501172008,3,3,1.0,Tier 1 – High Priority,Koto Payang
1501162033,3,3,1.0,Tier 1 – High Priority,Baru Sungaipegeh
1501162038,3,3,1.0,Tier 1 – High Priority,Pelak Gedang
1501162040,3,3,1.0,Tier 1 – High Priority,Pasar Senen
1508172011,3,3,1.0,Tier 1 – High Priority,Sungai Tembang
1508172012,3,3,1.0,Tier 1 – High Priority,Rantau Makmur
1509012004,3,3,1.0,Tier 1 – High Priority,Mangun Jayo
1509012005,3,3,1.0,Tier 1 – High Priority,Teluk Pandak
1509012007,3,3,1.0,Tier 1 – High Priority,Semabu
1508172003,3,3,1.0,Tier 1 – High Priority,Lubuk Landai
1508172004,3,3,1.0,Tier 1 – High Priority,Rantau Embacang
1508172005,3,3,1.0,Tier 1 – High Priority,Tebing Tinggi
1508172006,3,3,1.0,Tier 1 – High Priority,Embacang Gedang
1508172007,3,3,1.0,Tier 1 – High Priority,Sungai Puri
1508172009,3,3,1.0,Tier 1 – High Priority,Pematang Panjang
1508172010,3,3,1.0,Tier 1 – High Priority,Sungai Lilin
1508162002,3,3,1.0,Tier 1 – High Priority,Aur Gading
1508162003,3,3,1.0,Tier 1 – High Priority,Pulau Batu
1508162004,3,3,1.0,Tier 1 – High Priority,Sari Mulya
1508162006,3,3,1.0,Tier 1 – High Priority,Lubuk Tenam
1508162007,3,3,1.0,Tier 1 – High Priority,Kuamang
1508172001,3,3,1.0,Tier 1 – High Priority,Sungai Mancur
1508172002,3,3,1.0,Tier 1 – High Priority,Tanah Periuk
1508142008,3,3,1.0,Tier 1 – High Priority,Lubuk Beringin
1508142009,3,3,1.0,Tier 1 – High Priority,Sungai Telang
1508152002,3,3,1.0,Tier 1 – High Priority,Peninjau
1508152003,3,3,1.0,Tier 1 – High Priority,Talang Selungko
1508152004,3,3,1.0,Tier 1 – High Priority,Pulau Kerakap
1508152005,3,3,1.0,Tier 1 – High Priority,Seberang Jaya
1508162001,3,3,1.0,Tier 1 – High Priority,Tepian Danto
1501192015,3,3,1.0,Tier 1 – High Priority,Sungaiasam
1501192017,3,3,1.0,Tier 1 – High Priority,Ensatu
1501202001,3,3,1.0,Tier 1 – High Priority,Pasar Kerman
1501202002,3,3,1.0,Tier 1 – High Priority,Lolo Gedang
1501202003,3,3,1.0,Tier 1 – High Priority,Lolo Kecil
1501202005,3,3,1.0,Tier 1 – High Priority,Tanjung Syam
1501192008,3,3,1.0,Tier 1 – High Priority,Patok Empat
1501192009,3,3,1.0,Tier 1 – High Priority,Sungaijambu
1501192011,3,3,1.0,Tier 1 – High Priority,Giri Mulyo
1501192012,3,3,1.0,Tier 1 – High Priority,Gununglabu
1501192013,3,3,1.0,Tier 1 – High Priority,Bento
1501192014,3,3,1.0,Tier 1 – High Priority,Kampung Baru
1501182013,2,2,1.0,Tier 1 – High Priority,Lubuk Tabun
1501182014,3,3,1.0,Tier 1 – High Priority,Koto Lua
1501192001,3,3,1.0,Tier 1 – High Priority,Batu Hampar
1501192002,3,3,1.0,Tier 1 – High Priority,Sungairenah
1501192003,3,3,1.0,Tier 1 – High Priority,Bedeng Delapan
1501192004,3,3,1.0,Tier 1 – High Priority,Bedeng Dua
1501192005,3,3,1.0,Tier 1 – High Priority,Sako Duo
1501182005,3,3,1.0,Tier 1 – High Priority,Tebing Tinggi
1501182007,3,3,1.0,Tier 1 – High Priority,Mukai Pintu
1501182009,3,3,1.0,Tier 1 – High Priority,Pasir Jaya
1501182010,3,3,1.0,Tier 1 – High Priority,Sungaikuning
1501182012,3,3,1.0,Tier 1 – High Priority,Talang Tinggi
1502012004,3,3,1.0,Tier 1 – High Priority,Rantau Kermas
1502012011,3,3,1.0,Tier 1 – High Priority,Muara Madras
1502012023,3,3,1.0,Tier 1 – High Priority,Renah Pelaan
1501212010,3,3,1.0,Tier 1 – High Priority,Koto Cayo
1501212012,3,3,1.0,Tier 1 – High Priority,Air Bersih
1501202015,3,3,1.0,Tier 1 – High Priority,Muaro Lulo
1501212001,3,3,1.0,Tier 1 – High Priority,Koto Mebai
1501212002,3,3,1.0,Tier 1 – High Priority,Baru
1501212003,3,3,1.0,Tier 1 – High Priority,Air Panas
1501212004,3,3,1.0,Tier 1 – High Priority,Hamparan Pugu
1501212005,3,3,1.0,Tier 1 – High Priority,Pugu
1501212006,3,3,1.0,Tier 1 – High Priority,Koto Mudik
1501202006,3,3,1.0,Tier 1 – High Priority,Talang Kemuning
1501202009,3,3,1.0,Tier 1 – High Priority,Pengasi Lama
1501202011,3,3,1.0,Tier 1 – High Priority,Pulausangkar
1501202012,3,3,1.0,Tier 1 – High Priority,Bintang Marak
1508142001,3,3,1.0,Tier 1 – High Priority,Muara Buat
1508142002,3,3,1.0,Tier 1 – High Priority,Buat
1508142003,3,3,1.0,Tier 1 – High Priority,Laman Panjang
1508142004,3,3,1.0,Tier 1 – High Priority,Karak Apung
1508142005,3,3,1.0,Tier 1 – High Priority,Timbolasi
1508142006,3,3,1.0,Tier 1 – High Priority,Senamat Ulu
1508112005,3,3,1.0,Tier 1 – High Priority,Air Gemuruh
1508112006,3,3,1.0,Tier 1 – High Priority,Purwo Bakti
1508112007,3,3,1.0,Tier 1 – High Priority,Sarana Jaya
1508112008,3,3,1.0,Tier 1 – High Priority,Teluk Panjang
1508122003,3,3,1.0,Tier 1 – High Priority,Talang Pantai
1508122004,3,3,1.0,Tier 1 – High Priority,Sungai Arang
1508122005,3,3,1.0,Tier 1 – High Priority,Pulau Pekan
1508132003,3,3,1.0,Tier 1 – High Priority,Sungai Mengkuang
1508092017,3,3,1.0,Tier 1 – High Priority,Padang Palangeh
1508102002,3,3,1.0,Tier 1 – High Priority,Babeko
1508102003,3,3,1.0,Tier 1 – High Priority,Sepunggur
1508102004,3,3,1.0,Tier 1 – High Priority,Simpang Bebeko
1508102006,3,3,1.0,Tier 1 – High Priority,Tuo Sepunggur
1508112002,3,3,1.0,Tier 1 – High Priority,Lubuk Benteng
1508092009,3,3,1.0,Tier 1 – High Priority,Sumber Mulya
1508092010,3,3,1.0,Tier 1 – High Priority,Maju Jaya
1508092011,3,3,1.0,Tier 1 – High Priority,Tirta Mulya
1508092012,3,3,1.0,Tier 1 – High Priority,Lingga Kuamang
1508092013,3,3,1.0,Tier 1 – High Priority,Bangun Harjo
1508092014,3,3,1.0,Tier 1 – High Priority,Kuning gading
1508092015,3,3,1.0,Tier 1 – High Priority,Kuamang Jaya
1508092016,3,3,1.0,Tier 1 – High Priority,Karya Harapan Mukti
1502042009,3,3,1.0,Tier 1 – High Priority,Palipan
1502042010,3,3,1.0,Tier 1 – High Priority,Seringat
1502032018,3,3,1.0,Tier 1 – High Priority,Rantau Panjang
1502032024,3,3,1.0,Tier 1 – High Priority,Pasar Muara Siau
1502032027,3,3,1.0,Tier 1 – High Priority,Sepantai Renah
1502032028,3,3,1.0,Tier 1 – High Priority,Sungai Ulas
1502032011,3,3,1.0,Tier 1 – High Priority,Teluk Sikumbang
1502032015,3,3,1.0,Tier 1 – High Priority,Air Lago
1502032016,3,3,1.0,Tier 1 – High Priority,Badak Tekurung
1502012024,3,3,1.0,Tier 1 – High Priority,Koto Rawang
1502022004,3,3,1.0,Tier 1 – High Priority,Kungkai
1502022008,3,3,1.0,Tier 1 – High Priority,Mudo
1502022012,3,3,1.0,Tier 1 – High Priority,Langling
1502022024,3,3,1.0,Tier 1 – High Priority,Sungai Kapas
1502072014,3,3,1.0,Tier 1 – High Priority,Muaro Seketuk
1502082001,3,3,1.0,Tier 1 – High Priority,Sungai Sahut
1502082004,3,3,1.0,Tier 1 – High Priority,Sinar Gading
1502082006,3,3,1.0,Tier 1 – High Priority,Rawa Jaya
1502062015,3,3,1.0,Tier 1 – High Priority,Sialang
1502072010,3,3,1.0,Tier 1 – High Priority,Kapuk
1502072012,3,3,1.0,Tier 1 – High Priority,Rantau Ngarau
1502062006,3,3,1.0,Tier 1 – High Priority,Empang Benao
1502062007,3,3,1.0,Tier 1 – High Priority,Rejo Sari
1502062009,3,3,1.0,Tier 1 – High Priority,Keroya
1502062011,3,3,1.0,Tier 1 – High Priority,Karang Berahi
1502062014,3,3,1.0,Tier 1 – High Priority,Tanah Abang
1508092001,3,3,1.0,Tier 1 – High Priority,Koto Jayo
1508092002,3,3,1.0,Tier 1 – High Priority,Danau
1508092004,3,3,1.0,Tier 1 – High Priority,Lubuk
1508092006,3,3,1.0,Tier 1 – High Priority,Lembah Kuamang
1508092007,3,3,1.0,Tier 1 – High Priority,Sumber Harapan
1508092008,3,3,1.0,Tier 1 – High Priority,Daya Murni
1508082002,3,3,1.0,Tier 1 – High Priority,Tanjung Agung
1508082006,3,3,1.0,Tier 1 – High Priority,Tebing Tinggi
1508082009,3,3,1.0,Tier 1 – High Priority,Pekan Jum'at
1508072008,3,3,1.0,Tier 1 – High Priority,Baru Lbk. Mengkuang
1508072009,3,3,1.0,Tier 1 – High Priority,Lbk. Tanah Terban
1508072011,3,3,1.0,Tier 1 – High Priority,Renah Sungai Ipuh
1508062015,3,3,1.0,Tier 1 – High Priority,Sekampil
1508072001,3,3,1.0,Tier 1 – High Priority,Tanjung Bungo
1508072002,3,3,1.0,Tier 1 – High Priority,Tuo Lbk. Mengkuang
1508072003,3,3,1.0,Tier 1 – High Priority,Pauh Agung
1508072004,3,3,1.0,Tier 1 – High Priority,Tuo Limbur
1508072005,3,3,1.0,Tier 1 – High Priority,Renah Sungai Besar
1508072006,3,3,1.0,Tier 1 – High Priority,Muaro Tebo Pandak
1502112003,3,3,1.0,Tier 1 – High Priority,Telun
1502112004,3,3,1.0,Tier 1 – High Priority,Nalo Gedang
1502112005,3,3,1.0,Tier 1 – High Priority,Baru Nalo
1502112006,3,3,1.0,Tier 1 – High Priority,Mentawak
1502112007,3,3,1.0,Tier 1 – High Priority,Danau
1502122003,3,3,1.0,Tier 1 – High Priority,Pulau Baru
1502102001,3,3,1.0,Tier 1 – High Priority,Pulau Rengas
1502102003,3,3,1.0,Tier 1 – High Priority,Bedeng Rejo
1502102004,3,3,1.0,Tier 1 – High Priority,Sungai Putih
1502102005,3,3,1.0,Tier 1 – High Priority,Bukit Beringin
1502102006,3,3,1.0,Tier 1 – High Priority,Pulau Rengas Ulu
1502112001,3,3,1.0,Tier 1 – High Priority,Sungai Ulak
1502112002,3,3,1.0,Tier 1 – High Priority,Aur Berduri
1502092008,3,3,1.0,Tier 1 – High Priority,Tanjung Dalam
1502092011,3,3,1.0,Tier 1 – High Priority,Talang Asal
1502092014,3,3,1.0,Tier 1 – High Priority,Talang Paruh
1502092003,3,3,1.0,Tier 1 – High Priority,Tuo
1502092004,3,3,1.0,Tier 1 – High Priority,Koto Rami
1502092006,3,3,1.0,Tier 1 – High Priority,Pasar Masurai
1508062007,3,3,1.0,Tier 1 – High Priority,Sungai Beringin
1508062008,3,3,1.0,Tier 1 – High Priority,Sungai Gurun
1508062009,3,3,1.0,Tier 1 – High Priority,Batu Kerbau
1508062010,3,3,1.0,Tier 1 – High Priority,Gapura Suci
1508062011,3,3,1.0,Tier 1 – High Priority,Mulya Bakti
1508052017,3,3,1.0,Tier 1 – High Priority,Pasar Rantau Embacang
1508052019,3,3,1.0,Tier 1 – High Priority,Tenam
1508062001,3,3,1.0,Tier 1 – High Priority,Baru Pelepat
1508062002,3,3,1.0,Tier 1 – High Priority,Dwi Karya Bakti
1508062003,3,3,1.0,Tier 1 – High Priority,Rantau Keloyang
1508062005,3,3,1.0,Tier 1 – High Priority,Rantel
1508062006,3,3,1.0,Tier 1 – High Priority,Senamat
1508052001,3,3,1.0,Tier 1 – High Priority,Teluk Pandak
1508052003,3,3,1.0,Tier 1 – High Priority,Empelu
1508052006,3,3,1.0,Tier 1 – High Priority,Pasar Lubuk Landai
1508052007,3,3,1.0,Tier 1 – High Priority,Sungai Gambir
1508052009,3,3,1.0,Tier 1 – High Priority,Candi
1508052010,3,3,1.0,Tier 1 – High Priority,Tanjung
1508052012,3,3,1.0,Tier 1 – High Priority,Tanah Bekali
1508042003,3,3,1.0,Tier 1 – High Priority,Pulau Jelmu
1508042004,3,3,1.0,Tier 1 – High Priority,Sirih Sekapur
1508042005,3,3,1.0,Tier 1 – High Priority,Ujung Tanjung
1508042013,3,3,1.0,Tier 1 – High Priority,Talang Pamesun
1508042014,3,3,1.0,Tier 1 – High Priority,Baru Balai Panjang
1508042015,3,3,1.0,Tier 1 – High Priority,Sirih Sekapur Perkembangan
1502162001,3,3,1.0,Tier 1 – High Priority,Muaro Panco Barat
1502162002,3,3,1.0,Tier 1 – High Priority,Talang Segegah
1502162005,3,3,1.0,Tier 1 – High Priority,Parit Ujung Tanjung
1502142002,3,3,1.0,Tier 1 – High Priority,Ulak Makam
1502142003,3,3,1.0,Tier 1 – High Priority,Air Batu
1502142006,3,3,1.0,Tier 1 – High Priority,Tunggul Bulin
1502152001,3,3,1.0,Tier 1 – High Priority,Sungai Limau
1502152002,3,3,1.0,Tier 1 – High Priority,Sungai Bulian
1502132002,3,3,1.0,Tier 1 – High Priority,Limbur Merangin
1502132006,3,3,1.0,Tier 1 – High Priority,Mampun Baru
1502132008,3,3,1.0,Tier 1 – High Priority,PulauTujuh
1502122004,3,3,1.0,Tier 1 – High Priority,Nibung
1502122005,3,3,1.0,Tier 1 – High Priority,Titian Teras
1502122006,3,3,1.0,Tier 1 – High Priority,Kedarasan Panjang
1502132001,3,3,1.0,Tier 1 – High Priority,Tanjung Lamin
1502182012,3,3,1.0,Tier 1 – High Priority,Jangkat
1502182013,3,3,1.0,Tier 1 – High Priority,Tanjung Alam
1502192001,3,3,1.0,Tier 1 – High Priority,Meranti
1502192002,3,3,1.0,Tier 1 – High Priority,Bukit Bungkul
1502192003,3,3,1.0,Tier 1 – High Priority,Rasau
1502182004,3,3,1.0,Tier 1 – High Priority,Talang Tembago
1502182007,3,3,1.0,Tier 1 – High Priority,Rantau Suli
1502182011,3,3,1.0,Tier 1 – High Priority,Tanjung Benuang
1502162008,3,3,1.0,Tier 1 – High Priority,Air Batu
1502162009,3,3,1.0,Tier 1 – High Priority,Marus Jaya
1502172002,3,3,1.0,Tier 1 – High Priority,Bukit Perentak
1508022001,3,3,1.0,Tier 1 – High Priority,Rantau Duku
1508022005,3,3,1.0,Tier 1 – High Priority,Lubuk Kayu Aro
1508042002,3,3,1.0,Tier 1 – High Priority,Rantau Ikil
1508012004,3,3,1.0,Tier 1 – High Priority,Tanah Tumbuh
1508012005,3,3,1.0,Tier 1 – High Priority,Rambah
1508012006,3,3,1.0,Tier 1 – High Priority,Tebing Tinggi Uleh
1508012008,3,3,1.0,Tier 1 – High Priority,Panjang
1508012009,3,3,1.0,Tier 1 – High Priority,Perenti Luweh
1508012015,3,3,1.0,Tier 1 – High Priority,Renah Jelmu
1508012016,3,3,1.0,Tier 1 – High Priority,Koto Jayo
1507112003,3,3,1.0,Tier 1 – High Priority,Rantau Makmur
1507112006,3,3,1.0,Tier 1 – High Priority,Telaga Limo
1508012001,2,2,1.0,Tier 1 – High Priority,Pedukun
1508012002,3,3,1.0,Tier 1 – High Priority,Lubuk Niur
1508012003,3,3,1.0,Tier 1 – High Priority,Teluk Kecimbung
1507102004,3,3,1.0,Tier 1 – High Priority,Pandan Makmur
1507102005,3,3,1.0,Tier 1 – High Priority,Pandan Lagan
1507102006,3,3,1.0,Tier 1 – High Priority,Suka Maju
1507102008,3,3,1.0,Tier 1 – High Priority,Rantau Karya
1507102009,3,3,1.0,Tier 1 – High Priority,Pandan Sejahtera
1502232011,3,3,1.0,Tier 1 – High Priority,Tanjung Beringin
1502232012,3,3,1.0,Tier 1 – High Priority,Baru Kibul
1502232013,3,3,1.0,Tier 1 – High Priority,Ngaol Ilir
1502242001,3,3,1.0,Tier 1 – High Priority,Sekancing
1502242002,3,3,1.0,Tier 1 – High Priority,Sekancing Ilir
1502242003,3,3,1.0,Tier 1 – High Priority,Beringin Sanggul
1502232002,3,3,1.0,Tier 1 – High Priority,Tanjung Putus
1502232006,3,3,1.0,Tier 1 – High Priority,Telentam
1502232009,3,3,1.0,Tier 1 – High Priority,Pulau Lebar
1502212006,3,3,1.0,Tier 1 – High Priority,Tegal Rejo
1502222001,3,3,1.0,Tier 1 – High Priority,Tambang Baru
1502222002,3,3,1.0,Tier 1 – High Priority,Sido Lego
1502222003,3,3,1.0,Tier 1 – High Priority,Mensango
1502222004,3,3,1.0,Tier 1 – High Priority,Koto Baru
1502222005,3,3,1.0,Tier 1 – High Priority,Sido Harjo
1502202002,3,3,1.0,Tier 1 – High Priority,Tanjung Benuang
1502202004,3,3,1.0,Tier 1 – High Priority,Selango
1502212001,3,3,1.0,Tier 1 – High Priority,Tanjung Rejo
1502212002,3,3,1.0,Tier 1 – High Priority,Sumber Agung
1502212003,3,3,1.0,Tier 1 – High Priority,Suko Rejo
1502212004,3,3,1.0,Tier 1 – High Priority,Sido Rukun
1507082006,3,3,1.0,Tier 1 – High Priority,Manunggal Makmur
1507092002,3,3,1.0,Tier 1 – High Priority,Pematang Rahim
1507092003,3,3,1.0,Tier 1 – High Priority,Sungai Toman
1507092006,3,3,1.0,Tier 1 – High Priority,Sungai Beras
1507062003,3,3,1.0,Tier 1 – High Priority,Kuala Dendang
1507062004,3,3,1.0,Tier 1 – High Priority,Kota Kandis Dendang
1507062005,3,3,1.0,Tier 1 – High Priority,Koto Kandis
1507062007,3,3,1.0,Tier 1 – High Priority,Sido Mukti
1507062008,3,3,1.0,Tier 1 – High Priority,Catur Rahayu
1507082003,3,3,1.0,Tier 1 – High Priority,Teluk Majelis
1507082004,3,3,1.0,Tier 1 – High Priority,Kuala Lagan
1507052001,3,3,1.0,Tier 1 – High Priority,Sungai Sayang
1507052008,3,3,1.0,Tier 1 – High Priority,Remau Baku Tuo
1507042008,3,3,1.0,Tier 1 – High Priority,Bangun Karya
1507042009,3,3,1.0,Tier 1 – High Priority,Rantau Jaya
1507042011,3,3,1.0,Tier 1 – High Priority,Sungai Dusun
1507042016,3,3,1.0,Tier 1 – High Priority,Tri Mulyo
1503022005,3,3,1.0,Tier 1 – High Priority,Pulau Pandan
1503022007,3,3,1.0,Tier 1 – High Priority,Ranggo
1503022008,3,3,1.0,Tier 1 – High Priority,Panca Karya
1503012015,3,3,1.0,Tier 1 – High Priority,Sungai Bemban
1503012017,3,3,1.0,Tier 1 – High Priority,Sungai Baung
1503012020,3,3,1.0,Tier 1 – High Priority,Kasiro Hilir
1503012009,3,3,1.0,Tier 1 – High Priority,Muaro Pemuat
1502242005,3,3,1.0,Tier 1 – High Priority,Rantau Limau Kapas
1502242006,3,3,1.0,Tier 1 – High Priority,Baru Sungai Sakai
1503012002,3,3,1.0,Tier 1 – High Priority,Sungai Keradak
1503012004,3,3,1.0,Tier 1 – High Priority,Simpang Narso
1507032007,3,3,1.0,Tier 1 – High Priority,Lagan Ilir
1507032017,3,3,1.0,Tier 1 – High Priority,Merbau
1507032018,3,3,1.0,Tier 1 – High Priority,Pangkal Duri Ilir
1507022007,3,3,1.0,Tier 1 – High Priority,Pemusiran
1507022010,3,3,1.0,Tier 1 – High Priority,Bunga Tanjung
1507012012,3,3,1.0,Tier 1 – High Priority,Lambur II
1507012014,3,3,1.0,Tier 1 – High Priority,Kota Raja
1507012016,3,3,1.0,Tier 1 – High Priority,Sungai Ular
1507012017,3,3,1.0,Tier 1 – High Priority,Kota Harapan
1507012018,3,3,1.0,Tier 1 – High Priority,Kuala Simbur
1507022003,3,3,1.0,Tier 1 – High Priority,Simpang Jelita
1506132008,3,3,1.0,Tier 1 – High Priority,Sungailandak
1506132009,3,3,1.0,Tier 1 – High Priority,Sungsang
1507012001,3,3,1.0,Tier 1 – High Priority,Alang-Alang
1507012002,3,3,1.0,Tier 1 – High Priority,Lambur
1503042006,3,3,1.0,Tier 1 – High Priority,Semaran
1503032024,3,3,1.0,Tier 1 – High Priority,Baru
1503032028,3,3,1.0,Tier 1 – High Priority,Bernai Dalam
1503042002,3,3,1.0,Tier 1 – High Priority,Karang Mendapo
1503022022,3,3,1.0,Tier 1 – High Priority,Muara Limun
1503032013,3,3,1.0,Tier 1 – High Priority,Lidung
1503022021,3,3,1.0,Tier 1 – High Priority,Temalang
1506122008,3,3,1.0,Tier 1 – High Priority,Sungaidungun
1506132004,3,3,1.0,Tier 1 – High Priority,Sungairambai
1506122002,3,3,1.0,Tier 1 – High Priority,Sungaidualap
1506112005,3,3,1.0,Tier 1 – High Priority,Bram Itam Raya
1506112007,3,3,1.0,Tier 1 – High Priority,Jati Emas
1506102002,3,3,1.0,Tier 1 – High Priority,Tungkal IV Desa
1506092002,3,3,1.0,Tier 1 – High Priority,Dusun Mudo
1506082002,3,3,1.0,Tier 1 – High Priority,Pulaupauh
1506082005,3,3,1.0,Tier 1 – High Priority,Cinta Damai
1506072008,3,3,1.0,Tier 1 – High Priority,Sungaipenoban
1506072010,3,3,1.0,Tier 1 – High Priority,Lubuk Lawas
1506062005,3,3,1.0,Tier 1 – High Priority,Kelagian
1506062007,3,3,1.0,Tier 1 – High Priority,Talang Makmur
1506062008,3,3,1.0,Tier 1 – High Priority,Sungaikeruh
1506062009,3,3,1.0,Tier 1 – High Priority,Dataran Kempas
1506052014,3,3,1.0,Tier 1 – High Priority,Adi Purwa
1506052020,3,3,1.0,Tier 1 – High Priority,Merlung
1506062003,3,3,1.0,Tier 1 – High Priority,Suka Damai
1506042014,3,3,1.0,Tier 1 – High Priority,Telukkulbi
1506042017,3,3,1.0,Tier 1 – High Priority,Mandala Jaya
1506052008,3,3,1.0,Tier 1 – High Priority,Tanjungpaku
1506032020,3,3,1.0,Tier 1 – High Priority,Pasar Senin
1506042001,3,3,1.0,Tier 1 – High Priority,Pematang Lumut
1506042009,3,3,1.0,Tier 1 – High Priority,Serdang Jaya
1506042010,3,3,1.0,Tier 1 – High Priority,Terjun Gajah
1506042011,3,3,1.0,Tier 1 – High Priority,Lubuk Terentang
1506042013,3,3,1.0,Tier 1 – High Priority,Muntialo
1506032013,3,3,1.0,Tier 1 – High Priority,Parit Sidang
1503062012,3,3,1.0,Tier 1 – High Priority,Simpang Kertopati
1503062013,3,3,1.0,Tier 1 – High Priority,Bukitperanginan
1503062007,3,3,1.0,Tier 1 – High Priority,Rangkiling
1503052016,3,3,1.0,Tier 1 – High Priority,Pematang Kulim
1503052017,3,3,1.0,Tier 1 – High Priority,Batu Putih
1503062001,3,3,1.0,Tier 1 – High Priority,Mandiangin
1503052002,3,3,1.0,Tier 1 – High Priority,Pelawan
1503052005,3,3,1.0,Tier 1 – High Priority,Lubuk Sepuh
1506032006,3,3,1.0,Tier 1 – High Priority,Parit Pudin
1506012002,3,3,1.0,Tier 1 – High Priority,Tanjungtayas
1506012017,3,3,1.0,Tier 1 – High Priority,Brasau
1505112001,3,3,1.0,Tier 1 – High Priority,Kunangan
1505112007,3,3,1.0,Tier 1 – High Priority,Sekumbung
1505112008,3,3,1.0,Tier 1 – High Priority,Kemingking Luar
1505102003,3,3,1.0,Tier 1 – High Priority,Mekar Jaya
1505102004,3,3,1.0,Tier 1 – High Priority,Ujung Tanjung
1505102006,3,3,1.0,Tier 1 – High Priority,Tanjung Mulia
1505102009,3,3,1.0,Tier 1 – High Priority,Tanjung Sari
1505092010,3,3,1.0,Tier 1 – High Priority,Sungai Dayo
1505102002,3,3,1.0,Tier 1 – High Priority,Tri Jaya
1505082006,3,3,1.0,Tier 1 – High Priority,Tangkit Baru
1505082007,3,3,1.0,Tier 1 – High Priority,Sungai Gelam
1505082010,3,3,1.0,Tier 1 – High Priority,Sumber Agung
1505082011,3,3,1.0,Tier 1 – High Priority,Mingkung Jaya
1505082012,3,3,1.0,Tier 1 – High Priority,Trimulya Jaya
1505072025,3,3,1.0,Tier 1 – High Priority,Mekar Sari Makmur
1505072034,3,3,1.0,Tier 1 – High Priority,Panca Bakti
1505082001,3,3,1.0,Tier 1 – High Priority,Kebon IX
1505082002,3,3,1.0,Tier 1 – High Priority,Talang Belido
1503092003,3,3,1.0,Tier 1 – High Priority,Sungaigedang
1503092008,3,3,1.0,Tier 1 – High Priority,Siliwangi
1503082008,3,3,1.0,Tier 1 – High Priority,Batu Penyabung
1503072008,3,3,1.0,Tier 1 – High Priority,Mentawak Baru
1503082003,3,3,1.0,Tier 1 – High Priority,Pulau Lintang
1503082006,3,3,1.0,Tier 1 – High Priority,Teluk Kecimbung
1503062028,3,3,1.0,Tier 1 – High Priority,Talang Serdang
1503072004,3,3,1.0,Tier 1 – High Priority,Semurung
1503072006,3,3,1.0,Tier 1 – High Priority,Pematang Kabau
1505062024,3,3,1.0,Tier 1 – High Priority,Kasang Kota Karang
1505072013,3,3,1.0,Tier 1 – High Priority,Berkah
1505062012,3,3,1.0,Tier 1 – High Priority,Ramin
1505062014,3,3,1.0,Tier 1 – High Priority,Pemunduran
1505062017,3,3,1.0,Tier 1 – High Priority,Sumber Jaya
1505062005,3,3,1.0,Tier 1 – High Priority,Kasang Pudak
1505062010,3,3,1.0,Tier 1 – High Priority,Lopak Alai
1505052012,3,3,1.0,Tier 1 – High Priority,Nyogan
1505052015,3,3,1.0,Tier 1 – High Priority,Suka Damai
1505052018,3,3,1.0,Tier 1 – High Priority,Tanjung Pauh Talang Pelita
1505042005,3,3,1.0,Tier 1 – High Priority,Baru
1505042006,3,3,1.0,Tier 1 – High Priority,Danau Lamo
1505042018,3,3,1.0,Tier 1 – High Priority,Danau Kedap
1505042019,3,3,1.0,Tier 1 – High Priority,Mudung Darat
1505032013,3,3,1.0,Tier 1 – High Priority,Rantau Panjang
1505032014,3,3,1.0,Tier 1 – High Priority,Londerang
1505032016,3,3,1.0,Tier 1 – High Priority,Petanang
1505032017,3,3,1.0,Tier 1 – High Priority,Mekar Sari
1505032019,3,3,1.0,Tier 1 – High Priority,Maju Jaya
1505042001,3,3,1.0,Tier 1 – High Priority,Setiris
1505022011,3,3,1.0,Tier 1 – High Priority,Gerunggung
1505022012,3,3,1.0,Tier 1 – High Priority,Tunas Baru
1505022013,3,3,1.0,Tier 1 – High Priority,Bukit Baling
1505022014,3,3,1.0,Tier 1 – High Priority,Tanjung Lanjut
1505022015,3,3,1.0,Tier 1 – High Priority,Suko Awin Jaya
1505022016,3,3,1.0,Tier 1 – High Priority,Tunas Mudo
1505032001,3,3,1.0,Tier 1 – High Priority,Puding
1505022003,3,3,1.0,Tier 1 – High Priority,Pulau Kayu Aro
1505022004,3,3,1.0,Tier 1 – High Priority,Pematang Pulai
1505022006,3,3,1.0,Tier 1 – High Priority,Kedotan
1505022007,3,3,1.0,Tier 1 – High Priority,Keranggan
1505022008,3,3,1.0,Tier 1 – High Priority,Berembang
1505012015,3,3,1.0,Tier 1 – High Priority,Kedemangan
1505012017,3,3,1.0,Tier 1 – High Priority,Maro Sebo
1505012020,3,3,1.0,Tier 1 – High Priority,Simpang Limo
1505012022,3,3,1.0,Tier 1 – High Priority,Pematang Gajah
1505022001,3,3,1.0,Tier 1 – High Priority,Suak Putat
1505012010,3,3,1.0,Tier 1 – High Priority,Mendalo Laut
1505012012,3,3,1.0,Tier 1 – High Priority,Senaung
1505012014,3,3,1.0,Tier 1 – High Priority,Simpang Sungai Duren
1504012012,3,3,1.0,Tier 1 – High Priority,Bukit Harapan
1504012014,3,3,1.0,Tier 1 – High Priority,Tapah Sari
1504012015,3,3,1.0,Tier 1 – High Priority,Bukit Kemuning
1504012016,3,3,1.0,Tier 1 – High Priority,Simpang Rantau Gedang
1504012017,3,3,1.0,Tier 1 – High Priority,Tanjung Putra
1504022003,3,3,1.0,Tier 1 – High Priority,Jebak
1504012004,3,3,1.0,Tier 1 – High Priority,Sengkati Baru
1504012005,3,3,1.0,Tier 1 – High Priority,Kembang Tanjung
1504012006,3,3,1.0,Tier 1 – High Priority,Mersam
1504012007,3,3,1.0,Tier 1 – High Priority,Benteng Rendah
1504012008,3,3,1.0,Tier 1 – High Priority,Sungai Puar
1504012009,3,3,1.0,Tier 1 – High Priority,Rantau Gedang
1504012010,3,3,1.0,Tier 1 – High Priority,Pematang Gadung
1504012011,3,3,1.0,Tier 1 – High Priority,Teluk Melintang
1503102005,3,3,1.0,Tier 1 – High Priority,Lubuk Resam Hilir
1503102006,3,3,1.0,Tier 1 – High Priority,Pemuncak
1504012002,3,3,1.0,Tier 1 – High Priority,Sengkati Kecil
1503092011,3,3,1.0,Tier 1 – High Priority,Bukit Bumi Raya
1504042001,3,3,1.0,Tier 1 – High Priority,Jelutih
1504042002,3,3,1.0,Tier 1 – High Priority,Olak Besar
1504042005,3,3,1.0,Tier 1 – High Priority,Paku Aji
1504032011,3,3,1.0,Tier 1 – High Priority,Olak
1504032012,3,3,1.0,Tier 1 – High Priority,Muaro Singoan
1504032013,3,3,1.0,Tier 1 – High Priority,Aro
1504032014,3,3,1.0,Tier 1 – High Priority,Rantau Puri
1504032015,3,3,1.0,Tier 1 – High Priority,Sungai Baung
1504032018,3,3,1.0,Tier 1 – High Priority,Tenam
1504022013,3,3,1.0,Tier 1 – High Priority,Pelayangan
1504022015,3,3,1.0,Tier 1 – High Priority,Pematang Lima Suku
1504032006,3,3,1.0,Tier 1 – High Priority,Pasar Terusan
1504032007,3,3,1.0,Tier 1 – High Priority,Simpang Terusan
1504032008,3,3,1.0,Tier 1 – High Priority,Malapari
1504032009,3,3,1.0,Tier 1 – High Priority,Napal Sisik
1504022004,3,3,1.0,Tier 1 – High Priority,Ampelu
1504022006,3,3,1.0,Tier 1 – High Priority,Rantau Kapas Mudo
1504022007,3,3,1.0,Tier 1 – High Priority,Rantau Kapas Tuo
1504022008,3,3,1.0,Tier 1 – High Priority,Sungai Pulai
1504022009,3,3,1.0,Tier 1 – High Priority,Pulau
1504022010,3,3,1.0,Tier 1 – High Priority,Tanjung Marwo
1504082004,3,3,1.0,Tier 1 – High Priority,Bukit Sari
1504082005,3,3,1.0,Tier 1 – High Priority,Karya Mukti
1504082007,3,3,1.0,Tier 1 – High Priority,Danau Embat
1505012004,3,3,1.0,Tier 1 – High Priority,Pematang Jering
1505012005,3,3,1.0,Tier 1 – High Priority,Muaro Pijoan
1504072007,3,3,1.0,Tier 1 – High Priority,Batin
1504072008,3,3,1.0,Tier 1 – High Priority,Mekar Jaya
1504072009,3,3,1.0,Tier 1 – High Priority,Sungkai
1504072010,3,3,1.0,Tier 1 – High Priority,Mekar Sari Nes
1504082001,3,3,1.0,Tier 1 – High Priority,Bulian Jaya
1504082002,3,3,1.0,Tier 1 – High Priority,Tidar Kuranji
1504062013,3,3,1.0,Tier 1 – High Priority,Sungai Ruan Ilir
1504062015,3,3,1.0,Tier 1 – High Priority,Rawa Mekar
1504062016,3,3,1.0,Tier 1 – High Priority,Mekar Sari
1504062017,3,3,1.0,Tier 1 – High Priority,Kembang Seri Baru
1504072001,3,3,1.0,Tier 1 – High Priority,Bungku
1504072002,3,3,1.0,Tier 1 – High Priority,Pompa Air
1504072003,3,3,1.0,Tier 1 – High Priority,Ladang Peris
1504072005,3,3,1.0,Tier 1 – High Priority,Penerokan
1504062005,3,3,1.0,Tier 1 – High Priority,Rengas IX
1504062006,3,3,1.0,Tier 1 – High Priority,Kembang Seri
1504062007,3,3,1.0,Tier 1 – High Priority,Buluh Kasab
1504062009,3,3,1.0,Tier 1 – High Priority,Olak Kemang
1504062010,3,3,1.0,Tier 1 – High Priority,Padang Kelapo
1504062011,3,3,1.0,Tier 1 – High Priority,Sungai Lingkar
1504062012,3,3,1.0,Tier 1 – High Priority,Sungai Ruan Ulu
1504052016,3,3,1.0,Tier 1 – High Priority,Awin
1504052017,3,3,1.0,Tier 1 – High Priority,Olak Rambahan
1504052019,3,3,1.0,Tier 1 – High Priority,Teluk Ketapang
1504052020,3,3,1.0,Tier 1 – High Priority,Kampung Pulau
1504062001,3,3,1.0,Tier 1 – High Priority,Batu Sawar
1504062002,3,3,1.0,Tier 1 – High Priority,Peninjauan
1504062003,3,3,1.0,Tier 1 – High Priority,Teluk Leban
1504062004,3,3,1.0,Tier 1 – High Priority,Kampung Baru
1504052008,3,3,1.0,Tier 1 – High Priority,Ture
1504052009,3,3,1.0,Tier 1 – High Priority,Pulau Betung
1504052010,3,3,1.0,Tier 1 – High Priority,Lopak Aur
1504052011,3,3,1.0,Tier 1 – High Priority,Selat
1504052012,3,3,1.0,Tier 1 – High Priority,Teluk
1504052015,3,3,1.0,Tier 1 – High Priority,Simpang Kubu Kandang
1504042016,3,3,1.0,Tier 1 – High Priority,Simpang Jelutih
1504042017,3,3,1.0,Tier 1 – High Priority,Simpang Aur Gading
1504052001,3,3,1.0,Tier 1 – High Priority,Tebing Tinggi
1504052003,3,3,1.0,Tier 1 – High Priority,Serasah
1504052004,3,3,1.0,Tier 1 – High Priority,Lubuk Ruso
1504052005,3,3,1.0,Tier 1 – High Priority,Kuap
1504052006,3,3,1.0,Tier 1 – High Priority,Senaning
1504052007,3,3,1.0,Tier 1 – High Priority,Kubu Kandang
1504042009,3,3,1.0,Tier 1 – High Priority,Koto Boyo
1504042010,3,3,1.0,Tier 1 – High Priority,Simpang Karmeo
1504042011,3,3,1.0,Tier 1 – High Priority,Karmeo
1504042013,3,3,1.0,Tier 1 – High Priority,Jangga Baru
1504042015,3,3,1.0,Tier 1 – High Priority,Bulian Baru
1572062006,3,3,1.0,Tier 1 – High Priority,Karya Bakti
1572062007,3,3,1.0,Tier 1 – High Priority,Koto Lebu
1572072001,3,3,1.0,Tier 1 – High Priority,Koto Baru
1572072002,3,3,1.0,Tier 1 – High Priority,Koto Limau Manis
1572052007,3,3,1.0,Tier 1 – High Priority,Renah Kayu Embun
1572052009,3,3,1.0,Tier 1 – High Priority,Muara Jaya
1572062001,3,3,1.0,Tier 1 – High Priority,Sungai Jernih
1572062002,3,3,1.0,Tier 1 – High Priority,Aur Duri
1572062004,3,3,1.0,Tier 1 – High Priority,Permanti
1572042011,3,3,1.0,Tier 1 – High Priority,Tanjung Karang
1572042012,3,3,1.0,Tier 1 – High Priority,Kt. Baru Tanah Kampung
1572042003,3,3,1.0,Tier 1 – High Priority,Koto Pudung
1572042004,3,3,1.0,Tier 1 – High Priority,Koto Dumo
1572042008,3,3,1.0,Tier 1 – High Priority,Koto Tengah
1572042010,3,3,1.0,Tier 1 – High Priority,Koto Padang
1501052002,3,3,1.0,Tier 1 – High Priority,Baru Semurup
1501052004,3,3,1.0,Tier 1 – High Priority,Koto Dua Lama
1501052012,3,3,1.0,Tier 1 – High Priority,Koto Di  Air
1501052014,3,3,1.0,Tier 1 – High Priority,Balai
1501052016,3,3,1.0,Tier 1 – High Priority,Pendung Hilir
1501042013,3,3,1.0,Tier 1 – High Priority,Koto Baru Hiang
1501042014,3,3,1.0,Tier 1 – High Priority,Betung Kuning
1501042028,3,3,1.0,Tier 1 – High Priority,Hiang Karya
1501042029,3,3,1.0,Tier 1 – High Priority,Hiang Lestari
1501042031,3,3,1.0,Tier 1 – High Priority,Hiang Sakti
1501042033,3,3,1.0,Tier 1 – High Priority,Koto Sekilan Ambai
1501022016,3,3,1.0,Tier 1 – High Priority,Pasar Sore Seleman
1501042008,3,3,1.0,Tier 1 – High Priority,Hiang Tinggi
1501042010,3,3,1.0,Tier 1 – High Priority,Tanjungmudo
1501042011,3,3,1.0,Tier 1 – High Priority,Pendung Tengah
1501042012,3,3,1.0,Tier 1 – High Priority,Pendung Hilir
1501022003,3,3,1.0,Tier 1 – High Priority,Pendung Talang Genting
1501022007,3,3,1.0,Tier 1 – High Priority,Tanjungtanah
1501012005,2,3,0.6667,Tier 1 – High Priority,Masgo
1501012012,2,3,0.6667,Tier 1 – High Priority,Perikan Tengah
1501012019,2,3,0.6667,Tier 1 – High Priority,Kebun Lima
1501022006,2,3,0.6667,Tier 1 – High Priority,Cupak
1501022008,2,3,0.6667,Tier 1 – High Priority,Koto Tengah
1572082001,2,3,0.6667,Tier 1 – High Priority,Sumur Anyir
1501022014,2,3,0.6667,Tier 1 – High Priority,Talang Kemulun
1572032012,2,3,0.6667,Tier 1 – High Priority,Tanjung Muda
1572032008,2,3,0.6667,Tier 1 – High Priority,Larik Kemahan
1501042009,2,3,0.6667,Tier 1 – High Priority,Ambai Atas
1501042026,2,3,0.6667,Tier 1 – High Priority,Ambai Bawah
1501042030,2,3,0.6667,Tier 1 – High Priority,Angkasa Pura
1501042034,2,3,0.6667,Tier 1 – High Priority,Penawar Tinggi
1509112004,2,3,0.6667,Tier 1 – High Priority,Sungai Karang
1509122001,2,3,0.6667,Tier 1 – High Priority,Tanah Garo
1501082001,2,3,0.6667,Tier 1 – High Priority,Jujun
1501082005,2,3,0.6667,Tier 1 – High Priority,Tanjungbatu
1501082013,2,3,0.6667,Tier 1 – High Priority,Dsn. Baru P. Tengah
1501082019,2,3,0.6667,Tier 1 – High Priority,Koto Agung
1509092004,2,3,0.6667,Tier 1 – High Priority,Rantau Api
1509102001,2,3,0.6667,Tier 1 – High Priority,Pinang Belai
1509102002,2,3,0.6667,Tier 1 – High Priority,Sekutur Jaya
1509102004,2,3,0.6667,Tier 1 – High Priority,Napal Putih
1509102005,2,3,0.6667,Tier 1 – High Priority,Sako Makmur
1509102006,2,3,0.6667,Tier 1 – High Priority,Pagar Puding Lamo
1509102007,2,3,0.6667,Tier 1 – High Priority,Tanjung Aur Seberang
1509112003,2,3,0.6667,Tier 1 – High Priority,Cermin Alam
1501112025,2,3,0.6667,Tier 1 – High Priority,Kemantan Raya
1501112027,2,3,0.6667,Tier 1 – High Priority,Air Panas Sungaiabu
1509082002,2,3,0.6667,Tier 1 – High Priority,Sidorejo
1509082003,2,3,0.6667,Tier 1 – High Priority,Pulung Rejo
1509082005,2,3,0.6667,Tier 1 – High Priority,Giri Purno
1509082006,2,3,0.6667,Tier 1 – High Priority,Sumber Agung
1509082008,2,3,0.6667,Tier 1 – High Priority,Sepakat Bersatu
1509082009,2,3,0.6667,Tier 1 – High Priority,Rantau Kembang
1501112005,2,3,0.6667,Tier 1 – High Priority,Pondok Sungaiabu
1501112010,2,3,0.6667,Tier 1 – High Priority,Pungut Tengah
1501112011,2,3,0.6667,Tier 1 – High Priority,Pungut Hilir
1501112014,2,3,0.6667,Tier 1 – High Priority,Kemantan Hilir
1501112018,2,3,0.6667,Tier 1 – High Priority,Kemantan Agung
1501112019,2,3,0.6667,Tier 1 – High Priority,Sungaideras
1501112022,2,3,0.6667,Tier 1 – High Priority,Baru Sungaideras
1501112023,2,3,0.6667,Tier 1 – High Priority,Taman Jernih Sungaitutung
1505012009,2,3,0.6667,Tier 1 – High Priority,Sarang Burung
1505012016,2,3,0.6667,Tier 1 – High Priority,Muhajirin
1505012019,2,3,0.6667,Tier 1 – High Priority,Danau Sarang Elang
1505012021,2,3,0.6667,Tier 1 – High Priority,Mendalo Indah
1505022002,2,3,0.6667,Tier 1 – High Priority,Rantau Majo
1505022005,2,3,0.6667,Tier 1 – High Priority,Tan Tan
1503102008,2,3,0.6667,Tier 1 – High Priority,Tendah
1503102009,2,3,0.6667,Tier 1 – High Priority,Sungaikeramat
1503102010,2,3,0.6667,Tier 1 – High Priority,Sekamis
1504012003,2,3,0.6667,Tier 1 – High Priority,Sengkati Gedang
1504012013,2,3,0.6667,Tier 1 – High Priority,Belanti Jaya
1505012007,2,3,0.6667,Tier 1 – High Priority,Mendalo Darat
1505012008,2,3,0.6667,Tier 1 – High Priority,Rengas Bandung
1503092012,2,3,0.6667,Tier 1 – High Priority,Argo Sari
1503102001,2,3,0.6667,Tier 1 – High Priority,Kampung Tujuh
1503102002,2,3,0.6667,Tier 1 – High Priority,Lubuk Resam
1503102003,2,3,0.6667,Tier 1 – High Priority,Telukrendah
1504032016,2,3,0.6667,Tier 1 – High Priority,Bajubang Laut
1504032017,2,3,0.6667,Tier 1 – High Priority,Singkawang
1504032019,2,3,0.6667,Tier 1 – High Priority,Sungai Buluh
1504032020,2,3,0.6667,Tier 1 – High Priority,Kilangan
1504032021,2,3,0.6667,Tier 1 – High Priority,Pelayangan
1504042004,2,3,0.6667,Tier 1 – High Priority,Aur Gading
1504042006,2,3,0.6667,Tier 1 – High Priority,Hajran
1505052011,2,3,0.6667,Tier 1 – High Priority,Tanjung Pauh Km. 39
1505052017,2,3,0.6667,Tier 1 – High Priority,Suka Maju
1505052019,2,3,0.6667,Tier 1 – High Priority,Muaro Sebapo
1505062001,2,3,0.6667,Tier 1 – High Priority,Pudak
1505062004,2,3,0.6667,Tier 1 – High Priority,Kasang Lopak Alai
1505042020,2,3,0.6667,Tier 1 – High Priority,Lubuk Raman
1505052001,2,3,0.6667,Tier 1 – High Priority,Tanjung Pauh Km. 32
1505052002,2,3,0.6667,Tier 1 – High Priority,Pelempang
1505052003,2,3,0.6667,Tier 1 – High Priority,Sungai Landai
1505052005,2,3,0.6667,Tier 1 – High Priority,Nagasari
1505052010,2,3,0.6667,Tier 1 – High Priority,Baru
1505042003,2,3,0.6667,Tier 1 – High Priority,Tanjung Katung
1505042004,2,3,0.6667,Tier 1 – High Priority,Jambi Tulo
1505042007,2,3,0.6667,Tier 1 – High Priority,Muaro Jambi
1505042016,2,3,0.6667,Tier 1 – High Priority,Niaso
1505022009,2,3,0.6667,Tier 1 – High Priority,Sekernan
1505032003,2,3,0.6667,Tier 1 – High Priority,Betung
1505032004,2,3,0.6667,Tier 1 – High Priority,Pematang Raman
1505032005,2,3,0.6667,Tier 1 – High Priority,Sungai Bungur
1505032006,2,3,0.6667,Tier 1 – High Priority,Seponjen
1505032007,2,3,0.6667,Tier 1 – High Priority,Sogo
1505032009,2,3,0.6667,Tier 1 – High Priority,Sungai Aur
1503082007,2,3,0.6667,Tier 1 – High Priority,Pulaumelako
1503082009,2,3,0.6667,Tier 1 – High Priority,Tanjunggagak
1503082012,2,3,0.6667,Tier 1 – High Priority,Dusun Dalam
1503082015,2,3,0.6667,Tier 1 – High Priority,Teluk Mancur
1503092002,2,3,0.6667,Tier 1 – High Priority,Bukittigo
1503072003,2,3,0.6667,Tier 1 – High Priority,Desa Baru
1503072005,2,3,0.6667,Tier 1 – High Priority,Lubuk Kepayang
1503072007,2,3,0.6667,Tier 1 – High Priority,Bukit Suban
1503072009,2,3,0.6667,Tier 1 – High Priority,Mentawak Ulu
1503082001,2,3,0.6667,Tier 1 – High Priority,Rantau Gedang
1503082002,2,3,0.6667,Tier 1 – High Priority,Penarun
1503082004,2,3,0.6667,Tier 1 – High Priority,Tanjung
1505072004,2,3,0.6667,Tier 1 – High Priority,Suka Makmur
1505072005,2,3,0.6667,Tier 1 – High Priority,Marga Mulya
1505072007,2,3,0.6667,Tier 1 – High Priority,Marga Manunggal Jaya
1505072018,2,3,0.6667,Tier 1 – High Priority,Bukit Makmur
1503072001,2,3,0.6667,Tier 1 – High Priority,Lubuk Jering
1503072002,2,3,0.6667,Tier 1 – High Priority,Jernih
1505062008,2,3,0.6667,Tier 1 – High Priority,Solok
1505062009,2,3,0.6667,Tier 1 – High Priority,Sakean
1505062013,2,3,0.6667,Tier 1 – High Priority,Teluk Raya
1505062015,2,3,0.6667,Tier 1 – High Priority,Sipin Teluk Duren
1505062016,2,3,0.6667,Tier 1 – High Priority,Arang Arang
1505062018,2,3,0.6667,Tier 1 – High Priority,Sungai Terap
1505102001,2,3,0.6667,Tier 1 – High Priority,Bukit Subur
1505102005,2,3,0.6667,Tier 1 – High Priority,Tanjung Baru
1505102007,2,3,0.6667,Tier 1 – High Priority,Adipura Kencana
1505102010,2,3,0.6667,Tier 1 – High Priority,Tanjung Lebar
1505112002,2,3,0.6667,Tier 1 – High Priority,Talang Duku
1505112003,2,3,0.6667,Tier 1 – High Priority,Tebat Patah
1505092002,2,3,0.6667,Tier 1 – High Priority,Talang Datar
1505092003,2,3,0.6667,Tier 1 – High Priority,Sumber Mulya
1505092004,2,3,0.6667,Tier 1 – High Priority,Mulya Jaya
1505092005,2,3,0.6667,Tier 1 – High Priority,Matra Manunggal
1505092006,2,3,0.6667,Tier 1 – High Priority,Bukit Mulya
1505082005,2,3,0.6667,Tier 1 – High Priority,Tangkit
1505082008,2,3,0.6667,Tier 1 – High Priority,Parit
1505082009,2,3,0.6667,Tier 1 – High Priority,Petaling Jaya
1505082013,2,3,0.6667,Tier 1 – High Priority,Mekar Jaya
1505082014,2,3,0.6667,Tier 1 – High Priority,Sido Mukti
1505082015,2,3,0.6667,Tier 1 – High Priority,Gambut Jaya
1505092001,2,3,0.6667,Tier 1 – High Priority,Talang Bukit
1503092004,2,3,0.6667,Tier 1 – High Priority,Payo Lebar
1503092006,2,3,0.6667,Tier 1 – High Priority,Perdamaian
1503092007,2,3,0.6667,Tier 1 – High Priority,Pasar Singkut
1503092009,2,3,0.6667,Tier 1 – High Priority,Simpang Nibung
1505072021,2,3,0.6667,Tier 1 – High Priority,Bukit Mas
1505072033,2,3,0.6667,Tier 1 – High Priority,Bakti Mulya
1505082003,2,3,0.6667,Tier 1 – High Priority,Talang Kerinci
1509072002,2,3,0.6667,Tier 1 – High Priority,Wanareja
1501092039,2,3,0.6667,Tier 1 – High Priority,Lindung Jaya
1501092047,2,3,0.6667,Tier 1 – High Priority,Sangir Tengah
1501112001,2,3,0.6667,Tier 1 – High Priority,Kemantan Tinggi
1501112002,2,3,0.6667,Tier 1 – High Priority,Kemantan Kebalai
1509052008,2,3,0.6667,Tier 1 – High Priority,Teriti
1509052009,2,3,0.6667,Tier 1 – High Priority,Suo-Suo
1509052011,2,3,0.6667,Tier 1 – High Priority,Semambu
1509052012,2,3,0.6667,Tier 1 – High Priority,Pemayungan
1509062001,2,3,0.6667,Tier 1 – High Priority,Tanjung Pucuk Jambi
1509062005,2,3,0.6667,Tier 1 – High Priority,Aur Cino
1501162019,2,3,0.6667,Tier 1 – High Priority,Koto Aro
1501162024,2,3,0.6667,Tier 1 – High Priority,Siulak Kecil Hilir
1501162028,2,3,0.6667,Tier 1 – High Priority,Telago Biru
1509042004,2,3,0.6667,Tier 1 – High Priority,Purwo Harjo
1509042006,2,3,0.6667,Tier 1 – High Priority,Tirta Kencana
1509052002,2,3,0.6667,Tier 1 – High Priority,Lembak Bungur
1509052003,2,3,0.6667,Tier 1 – High Priority,Teluk Langkap
1509052006,2,3,0.6667,Tier 1 – High Priority,Jati Belarik
1501162005,2,3,0.6667,Tier 1 – High Priority,Siulak Panjang
1501162009,2,3,0.6667,Tier 1 – High Priority,Lubuk Nagodang
1501162011,2,3,0.6667,Tier 1 – High Priority,Sungailebuh
1501162012,2,3,0.6667,Tier 1 – High Priority,Koto Kapeh
1501162013,2,3,0.6667,Tier 1 – High Priority,Koto Beringin
1501162014,2,3,0.6667,Tier 1 – High Priority,Dusun Baru
1501162015,2,3,0.6667,Tier 1 – High Priority,Dusun Dalam
1503052022,2,3,0.6667,Tier 1 – High Priority,Pelawan Jaya
1503062003,2,3,0.6667,Tier 1 – High Priority,Pemusiran
1503062006,2,3,0.6667,Tier 1 – High Priority,Gurun Tuo
1503052001,2,3,0.6667,Tier 1 – High Priority,Penegah
1503052004,2,3,0.6667,Tier 1 – High Priority,Bukit
1503052006,2,3,0.6667,Tier 1 – High Priority,Rantanu Tenang
1503052007,2,3,0.6667,Tier 1 – High Priority,Muara Danau
1503052019,2,3,0.6667,Tier 1 – High Priority,Mekarsari
1506012019,2,3,0.6667,Tier 1 – High Priority,Gemuruh
1506012020,2,3,0.6667,Tier 1 – High Priority,Pematang Tembesu
1506022003,2,3,0.6667,Tier 1 – High Priority,Tungkal I
1506022014,2,3,0.6667,Tier 1 – High Priority,Teluksialang
1506032008,2,3,0.6667,Tier 1 – High Priority,Mekar Jati
1505112006,2,3,0.6667,Tier 1 – High Priority,Dusun Mudo
1506012001,2,3,0.6667,Tier 1 – High Priority,Badang
1506012003,2,3,0.6667,Tier 1 – High Priority,Kuala Dasal
1506012004,2,3,0.6667,Tier 1 – High Priority,Pematang Pauh
1506052021,2,3,0.6667,Tier 1 – High Priority,Tanjungmakmur
1506062002,2,3,0.6667,Tier 1 – High Priority,Purwodadi
1506062004,2,3,0.6667,Tier 1 – High Priority,Adi Jaya
1506062010,2,3,0.6667,Tier 1 – High Priority,Delima
1506072002,2,3,0.6667,Tier 1 – High Priority,Sri Agung
1506072003,2,3,0.6667,Tier 1 – High Priority,Suban
1506042012,2,3,0.6667,Tier 1 – High Priority,Pematang Buluh
1506042015,2,3,0.6667,Tier 1 – High Priority,Bunga Tanjung
1506042016,2,3,0.6667,Tier 1 – High Priority,Sungaiterap
1506052012,2,3,0.6667,Tier 1 – High Priority,Tanjungbenanak
1506052018,2,3,0.6667,Tier 1 – High Priority,Pinang Gading
1506032012,2,3,0.6667,Tier 1 – High Priority,Sungaipampang
1506032015,2,3,0.6667,Tier 1 – High Priority,Parit Bilal
1506032016,2,3,0.6667,Tier 1 – High Priority,SuakSamin
1506032018,2,3,0.6667,Tier 1 – High Priority,Karya Maju
1503062008,2,3,0.6667,Tier 1 – High Priority,Mandainangin Tuo
1503062010,2,3,0.6667,Tier 1 – High Priority,Muaro Ketalo
1503062011,2,3,0.6667,Tier 1 – High Priority,Taman Dewa
1509032012,2,3,0.6667,Tier 1 – High Priority,Malako Intan
1509032018,2,3,0.6667,Tier 1 – High Priority,Ulak Banjir Rambahan
1501152001,2,3,0.6667,Tier 1 – High Priority,Sungairumpun
1501152004,2,3,0.6667,Tier 1 – High Priority,Pelompek
1501152005,2,3,0.6667,Tier 1 – High Priority,Jernih Jaya
1501162001,2,3,0.6667,Tier 1 – High Priority,Siulak Gedang
1509022008,2,3,0.6667,Tier 1 – High Priority,Tuo Ilir
1509022012,2,3,0.6667,Tier 1 – High Priority,Betung Bedarah Barat
1509032006,2,3,0.6667,Tier 1 – High Priority,Rantau langkap
1509032007,2,3,0.6667,Tier 1 – High Priority,Tanjung Aur
1509032009,2,3,0.6667,Tier 1 – High Priority,Pulau Panjang
1501172018,2,3,0.6667,Tier 1 – High Priority,Tebat Ijuk Dili
1501182002,2,3,0.6667,Tier 1 – High Priority,Mukai Tengah
1501182003,2,3,0.6667,Tier 1 – High Priority,Mukai Mudik
1509012009,2,3,0.6667,Tier 1 – High Priority,Pelayang
1509012011,2,3,0.6667,Tier 1 – High Priority,Aburan Batang Tebo
1509022004,2,3,0.6667,Tier 1 – High Priority,Teluk Rendah Ulu
1509022005,2,3,0.6667,Tier 1 – High Priority,Teluk Rendah Ilir
1501162035,2,3,0.6667,Tier 1 – High Priority,Plak Naneh
1501162036,2,3,0.6667,Tier 1 – High Priority,Padang Jantung
1501162039,2,3,0.6667,Tier 1 – High Priority,Demong Sakti
1501172001,2,3,0.6667,Tier 1 – High Priority,Belui
1501172010,2,3,0.6667,Tier 1 – High Priority,Sekungkung
1506102007,2,3,0.6667,Tier 1 – High Priority,Kuala Kahar
1506112002,2,3,0.6667,Tier 1 – High Priority,Bram Itam Kanan
1506112004,2,3,0.6667,Tier 1 – High Priority,Pembengis
1506112006,2,3,0.6667,Tier 1 – High Priority,Pantaigading
1506112009,2,3,0.6667,Tier 1 – High Priority,Mekar Tanjung
1506092007,2,3,0.6667,Tier 1 – High Priority,Lubuk Sebontan
1506092004,2,3,0.6667,Tier 1 – High Priority,Bukit Indah
1506092005,2,3,0.6667,Tier 1 – High Priority,Kemang Manis
1508152001,2,3,0.6667,Tier 1 – High Priority,Pelayang
1508162005,2,3,0.6667,Tier 1 – High Priority,Bukit Sari
1508172008,2,3,0.6667,Tier 1 – High Priority,Paku Aji
1509012003,2,3,0.6667,Tier 1 – High Priority,Bedaro Rampak
1509012006,2,3,0.6667,Tier 1 – High Priority,Tengah Ulu
1509012008,2,3,0.6667,Tier 1 – High Priority,Kandang
1502012009,2,3,0.6667,Tier 1 – High Priority,Lubuk Pungguk
1501182006,2,3,0.6667,Tier 1 – High Priority,Mukai Tinggi
1501182011,2,3,0.6667,Tier 1 – High Priority,Mukai Seberang
1501192006,2,3,0.6667,Tier 1 – High Priority,Sungailintang
1501192007,2,3,0.6667,Tier 1 – High Priority,Kebun Baru
1501192010,2,3,0.6667,Tier 1 – High Priority,Sungaikering
1501212008,2,3,0.6667,Tier 1 – High Priority,Koto Datuk
1501212009,2,3,0.6667,Tier 1 – High Priority,Koto Dua Baru
1501212011,2,3,0.6667,Tier 1 – High Priority,Kecil
1502012001,2,3,0.6667,Tier 1 – High Priority,Renah Kemumu
1502012002,2,3,0.6667,Tier 1 – High Priority,Tanjung Kasri
1502012003,2,3,0.6667,Tier 1 – High Priority,Lubuk Mentilin
1502012005,2,3,0.6667,Tier 1 – High Priority,Renah Alai
1502012008,2,3,0.6667,Tier 1 – High Priority,Pulau Tengah
1508132004,2,3,0.6667,Tier 1 – High Priority,Sungai Buluh
1508142007,2,3,0.6667,Tier 1 – High Priority,Aur Cino
1501202007,2,3,0.6667,Tier 1 – High Priority,Pondok
1501202008,2,3,0.6667,Tier 1 – High Priority,Muak
1501202010,2,3,0.6667,Tier 1 – High Priority,Pulaupandan
1501212007,2,3,0.6667,Tier 1 – High Priority,Koto Tengah
1503032006,2,3,0.6667,Tier 1 – High Priority,Sungai Abang
1503032014,2,3,0.6667,Tier 1 – High Priority,Ladang Panjang
1503032027,2,3,0.6667,Tier 1 – High Priority,Ujung Tanjung
1503042001,2,3,0.6667,Tier 1 – High Priority,Pangidaran
1503042004,2,3,0.6667,Tier 1 – High Priority,Batu Kucing
1503042008,2,3,0.6667,Tier 1 – High Priority,Pangkal Bulian
1503022016,2,3,0.6667,Tier 1 – High Priority,Moenti
1503022018,2,3,0.6667,Tier 1 – High Priority,Demang
1503022023,2,3,0.6667,Tier 1 – High Priority,Suka Damai
1503032002,2,3,0.6667,Tier 1 – High Priority,Bernai
1503032003,2,3,0.6667,Tier 1 – High Priority,Sungai Baung
1503032004,2,3,0.6667,Tier 1 – High Priority,Panti
1503032005,2,3,0.6667,Tier 1 – High Priority,Tinting
1506132003,2,3,0.6667,Tier 1 – High Priority,Telukketapang
1506132005,2,3,0.6667,Tier 1 – High Priority,Margo Rukun
1506132006,2,3,0.6667,Tier 1 – High Priority,Kempas Jaya
1503022012,2,3,0.6667,Tier 1 – High Priority,Berkun
1506122004,2,3,0.6667,Tier 1 – High Priority,Sungaigebar
1506122005,2,3,0.6667,Tier 1 – High Priority,Dataran Pinang
1506122006,2,3,0.6667,Tier 1 – High Priority,Tanjungpasir
1506122010,2,3,0.6667,Tier 1 – High Priority,Suak Labu
1503012003,2,3,0.6667,Tier 1 – High Priority,Muaro Air Dua
1503012007,2,3,0.6667,Tier 1 – High Priority,Rantau Panjang
1503012010,2,3,0.6667,Tier 1 – High Priority,Lubuk Bangkar
1507032003,2,3,0.6667,Tier 1 – High Priority,Mendahara Tengah
1507032015,2,3,0.6667,Tier 1 – High Priority,Sungai Tawar
1507032016,2,3,0.6667,Tier 1 – High Priority,Bakti Idaman
1507042004,2,3,0.6667,Tier 1 – High Priority,Rantau Rasau I
1507042005,2,3,0.6667,Tier 1 – High Priority,Rantau Rasau II
1502242004,2,3,0.6667,Tier 1 – High Priority,Baru Bukit Punjung
1503012001,2,3,0.6667,Tier 1 – High Priority,Tambak Ratu
1507012011,2,3,0.6667,Tier 1 – High Priority,Lambur I
1507022004,2,3,0.6667,Tier 1 – High Priority,Simpang Datuk
1507022005,2,3,0.6667,Tier 1 – High Priority,Teluk Kijing
1507022006,2,3,0.6667,Tier 1 – High Priority,Sungai Raya
1507022008,2,3,0.6667,Tier 1 – High Priority,Sungai Tering
1507022009,2,3,0.6667,Tier 1 – High Priority,Sungai Jeruk
1507032001,2,3,0.6667,Tier 1 – High Priority,Pangkal Duri
1503042009,2,3,0.6667,Tier 1 – High Priority,Lubuk Napal
1503042011,2,3,0.6667,Tier 1 – High Priority,Lamban Sigatal
1503042020,2,3,0.6667,Tier 1 – High Priority,Seko Besar
1507012004,2,3,0.6667,Tier 1 – High Priority,Simbur Naik
1502042011,2,3,0.6667,Tier 1 – High Priority,Durian Lecah
1502042015,2,3,0.6667,Tier 1 – High Priority,Bukit Batu
1502042016,2,3,0.6667,Tier 1 – High Priority,Sungai Nilau
1502042017,2,3,0.6667,Tier 1 – High Priority,Sungai Manau
1502042026,2,3,0.6667,Tier 1 – High Priority,Gelanggang
1508102001,2,3,0.6667,Tier 1 – High Priority,Tanjung Menanti
1508102005,2,3,0.6667,Tier 1 – High Priority,Suka Makmur
1502032010,2,3,0.6667,Tier 1 – High Priority,Peradu Temberas
1502032013,2,3,0.6667,Tier 1 – High Priority,Tiaro
1502032021,2,3,0.6667,Tier 1 – High Priority,Pulau Raman
1502032029,2,3,0.6667,Tier 1 – High Priority,Rantau Bayur
1502042007,2,3,0.6667,Tier 1 – High Priority,Sungai Pinang
1502042008,2,3,0.6667,Tier 1 – High Priority,Tiangko
1502082002,2,3,0.6667,Tier 1 – High Priority,Bungo Antoi
1502082003,2,3,0.6667,Tier 1 – High Priority,Muara Delang
1502082005,2,3,0.6667,Tier 1 – High Priority,Bungo Tanjung
1502082007,2,3,0.6667,Tier 1 – High Priority,Gading Jaya
1502032004,2,3,0.6667,Tier 1 – High Priority,Durian Rambun
1502032007,2,3,0.6667,Tier 1 – High Priority,Lubuk Birah
1502032008,2,3,0.6667,Tier 1 – High Priority,Lubuk Beringin
1502032009,2,3,0.6667,Tier 1 – High Priority,Rantau Macang
1502062013,2,3,0.6667,Tier 1 – High Priority,Pematang Kancil
1502062026,2,3,0.6667,Tier 1 – High Priority,Sungai Udang
1502062027,2,3,0.6667,Tier 1 – High Priority,Pelakar Jaya
1502072009,2,3,0.6667,Tier 1 – High Priority,Muara Jernih
1507092007,2,3,0.6667,Tier 1 – High Priority,Mencolok
1502202001,2,3,0.6667,Tier 1 – High Priority,Tambang Emas
1502202003,2,3,0.6667,Tier 1 – High Priority,Pulau Bayur
1502232001,2,3,0.6667,Tier 1 – High Priority,Muara Kibul
1502232003,2,3,0.6667,Tier 1 – High Priority,Pulau Tebakar
1502232004,2,3,0.6667,Tier 1 – High Priority,Batang Kibul
1507052004,2,3,0.6667,Tier 1 – High Priority,Sunga Iitik
1507052006,2,3,0.6667,Tier 1 – High Priority,Sungai Benuh
1507052007,2,3,0.6667,Tier 1 – High Priority,Sungai Cemara
1507052009,2,3,0.6667,Tier 1 – High Priority,Labuhan Pering
1507062009,2,3,0.6667,Tier 1 – High Priority,Jati Mulyo
1507082005,2,3,0.6667,Tier 1 – High Priority,Majelis Hidayah
1507092004,2,3,0.6667,Tier 1 – High Priority,Bukit Tempurung
1503022009,2,3,0.6667,Tier 1 – High Priority,Lubuk Bedorong
1507042007,2,3,0.6667,Tier 1 – High Priority,Harapan Makmur
1507042014,2,3,0.6667,Tier 1 – High Priority,Marga Mulya
1503012014,2,3,0.6667,Tier 1 – High Priority,Bukit Kalimau Ulu
1503012016,2,3,0.6667,Tier 1 – High Priority,Muara Cuban
1502172006,2,3,0.6667,Tier 1 – High Priority,Sungai Jering
1502172007,2,3,0.6667,Tier 1 – High Priority,Kampung Limo
1502172008,2,3,0.6667,Tier 1 – High Priority,Tanjung Mudo
1502182002,2,3,0.6667,Tier 1 – High Priority,Koto Teguh
1502182003,2,3,0.6667,Tier 1 – High Priority,Baru
1502182005,2,3,0.6667,Tier 1 – High Priority,Beringin Tinggi
1508042001,2,3,0.6667,Tier 1 – High Priority,Tanjung Belit
1502162007,2,3,0.6667,Tier 1 – High Priority,Markeh
1502162010,2,3,0.6667,Tier 1 – High Priority,Renah Medan
1502162012,2,3,0.6667,Tier 1 – High Priority,Muaro Panco Timur
1502172004,2,3,0.6667,Tier 1 – High Priority,Tiga Alur
1507112002,2,3,0.6667,Tier 1 – High Priority,Rantau Rasau Desa
1507112004,2,3,0.6667,Tier 1 – High Priority,Sungai Rambut
1507112005,2,3,0.6667,Tier 1 – High Priority,Rawasari
1508012007,2,3,0.6667,Tier 1 – High Priority,Bukit Kemang
1508022002,2,3,0.6667,Tier 1 – High Priority,Talang Sungai Bungo
1508022003,2,3,0.6667,Tier 1 – High Priority,Rantau Pandan
1508022004,2,3,0.6667,Tier 1 – High Priority,Leban
1508022015,2,3,0.6667,Tier 1 – High Priority,Lubuk Mayan
1502232014,2,3,0.6667,Tier 1 – High Priority,Air Liki Baru
1507102001,2,3,0.6667,Tier 1 – High Priority,Lagan Ulu
1507102002,2,3,0.6667,Tier 1 – High Priority,Lagan Tengah
1507102007,2,3,0.6667,Tier 1 – High Priority,Kota Baru
1502052007,2,3,0.6667,Tier 1 – High Priority,Kandang
1502052008,2,3,0.6667,Tier 1 – High Priority,Koto Rayo
1502052011,2,3,0.6667,Tier 1 – High Priority,Tanjung  Ilir
1502052014,2,3,0.6667,Tier 1 – High Priority,Beluran Panjang
1502052015,2,3,0.6667,Tier 1 – High Priority,Seling
1502052035,2,3,0.6667,Tier 1 – High Priority,Lubuk Napal
1502062004,2,3,0.6667,Tier 1 – High Priority,Jelatang
1502062005,2,3,0.6667,Tier 1 – High Priority,Tanjung Gedang
1508082003,2,3,0.6667,Tier 1 – High Priority,Tebat
1508082004,2,3,0.6667,Tier 1 – High Priority,Baru Pusat Jalo
1508082005,2,3,0.6667,Tier 1 – High Priority,Bedaro
1508082007,2,3,0.6667,Tier 1 – High Priority,Datar
1508082008,2,3,0.6667,Tier 1 – High Priority,Suka Jaya
1508092003,2,3,0.6667,Tier 1 – High Priority,Muara Kuamang
1508092005,2,3,0.6667,Tier 1 – High Priority,Purwosari
1502102002,2,3,0.6667,Tier 1 – High Priority,Biuku Tanjung
1508072007,2,3,0.6667,Tier 1 – High Priority,Rantau Tipu
1508072010,2,3,0.6667,Tier 1 – High Priority,Pemunyian
1508072012,2,3,0.6667,Tier 1 – High Priority,Tebo Jaya
1508072013,2,3,0.6667,Tier 1 – High Priority,Sekar Mengkuang
1508072014,2,3,0.6667,Tier 1 – High Priority,Limbur Baru
1502092002,2,3,0.6667,Tier 1 – High Priority,Tanjung Berugo
1502092005,2,3,0.6667,Tier 1 – High Priority,Rancan
1502092007,2,3,0.6667,Tier 1 – High Priority,Rantau Jering
1502092010,2,3,0.6667,Tier 1 – High Priority,Sungai Lalang
1502092012,2,3,0.6667,Tier 1 – High Priority,Muara Kelukup
1502092013,2,3,0.6667,Tier 1 – High Priority,Muaro Lengayo
1502092015,2,3,0.6667,Tier 1 – High Priority,Durian Mukut
1508042009,2,3,0.6667,Tier 1 – High Priority,Rantau Panjang
1508052015,2,3,0.6667,Tier 1 – High Priority,Telentam
1508062004,2,3,0.6667,Tier 1 – High Priority,Balai Jaya
1508062012,2,3,0.6667,Tier 1 – High Priority,Mulya Jaya
1508062014,2,3,0.6667,Tier 1 – High Priority,Bukit Telago
1502082008,2,3,0.6667,Tier 1 – High Priority,Mekar Jaya
1502142005,2,3,0.6667,Tier 1 – High Priority,Kota Raja
1502142007,2,3,0.6667,Tier 1 – High Priority,Mekar Limau Manis
1502152003,2,3,0.6667,Tier 1 – High Priority,Sri Sembilan
1502152004,2,3,0.6667,Tier 1 – High Priority,Bukit Subur
1502162003,2,3,0.6667,Tier 1 – High Priority,Durian Batakuk
1502162004,2,3,0.6667,Tier 1 – High Priority,Muara Bantan
1502162006,2,3,0.6667,Tier 1 – High Priority,Guguk
1508042007,2,3,0.6667,Tier 1 – High Priority,Jumbak
1502122009,2,3,0.6667,Tier 1 – High Priority,Pelangki
1502122010,2,3,0.6667,Tier 1 – High Priority,Pulau Layang
1502132003,2,3,0.6667,Tier 1 – High Priority,Karang Anyar
1502132005,2,3,0.6667,Tier 1 – High Priority,Simpang L. Merangin
1502132007,2,3,0.6667,Tier 1 – High Priority,Papit
1502142001,2,3,0.6667,Tier 1 – High Priority,Rantau Limau Manis
1502182006,2,3,0.6667,Tier 1 – High Priority,Pematang Pauh
1502182010,2,3,0.6667,Tier 1 – High Priority,Koto Baru
1502182015,2,3,0.6667,Tier 1 – High Priority,Simpang Talang Tembago
1502192004,2,3,0.6667,Tier 1 – High Priority,Lantak Seribu
1502122007,2,3,0.6667,Tier 1 – High Priority,Rantau Alai
1502122008,2,3,0.6667,Tier 1 – High Priority,Tambang Besi
1509122005,2,3,0.6667,Tier 1 – High Priority,Tambun Arang
1509122008,2,3,0.6667,Tier 1 – High Priority,Olak Kemang
1572012004,2,3,0.6667,Tier 1 – High Priority,Pasar Baru
1572022008,2,3,0.6667,Tier 1 – High Priority,Koto Duo
1572032004,2,3,0.6667,Tier 1 – High Priority,Tanjung
1501052013,2,3,0.6667,Tier 1 – High Priority,Pasar Semurup
1501062017,2,3,0.6667,Tier 1 – High Priority,Sungaigelampeh
1501062019,2,3,0.6667,Tier 1 – High Priority,Siulak Tenang
1501072006,2,3,0.6667,Tier 1 – High Priority,Lubuk Paku
1501072007,2,3,0.6667,Tier 1 – High Priority,Tamiai
1501072009,2,3,0.6667,Tier 1 – High Priority,Pasar Tamiai
1501092024,2,3,0.6667,Tier 1 – High Priority,Bedeng Baru
1501092025,2,3,0.6667,Tier 1 – High Priority,Batang Sangir
1501092030,2,3,0.6667,Tier 1 – High Priority,Sungaidalam
1501052024,2,3,0.6667,Tier 1 – High Priority,Muara Semerah
1501062011,2,3,0.6667,Tier 1 – High Priority,Sungaibatu Gantih
1501062013,2,3,0.6667,Tier 1 – High Priority,Simpang Tutup
1501082022,2,3,0.6667,Tier 1 – High Priority,Pulautengah
1501082025,2,3,0.6667,Tier 1 – High Priority,Jembatan Merah Pulau Tengah
1501082028,2,3,0.6667,Tier 1 – High Priority,Pancuran Bangko
1501092010,2,3,0.6667,Tier 1 – High Priority,Koto Tuo
1501092011,2,3,0.6667,Tier 1 – High Priority,Sungaitanduk
1501092012,2,3,0.6667,Tier 1 – High Priority,Kersik Tuo
1501092013,2,3,0.6667,Tier 1 – High Priority,Sangir
1501092022,2,3,0.6667,Tier 1 – High Priority,Sungaisampun
1504072006,2,3,0.6667,Tier 1 – High Priority,Petajen
1504082003,2,3,0.6667,Tier 1 – High Priority,Kehidupan Baru
1504082006,2,3,0.6667,Tier 1 – High Priority,Terusan
1505012002,2,3,0.6667,Tier 1 – High Priority,Sungai Bertam
1505012006,2,3,0.6667,Tier 1 – High Priority,Sungai Duren
1504022005,2,3,0.6667,Tier 1 – High Priority,Rambutan Masam
1504022011,2,3,0.6667,Tier 1 – High Priority,Suka Ramai
1504022012,2,3,0.6667,Tier 1 – High Priority,Ampelu Mudo
1572072004,2,3,0.6667,Tier 1 – High Priority,Dujung Sakti
1501022002,2,3,0.6667,Tier 1 – High Priority,Kota Baru Sanggaran Agung
1504042007,2,3,0.6667,Tier 1 – High Priority,Mata Gual
1504042008,2,3,0.6667,Tier 1 – High Priority,Jangga
1504042014,2,3,0.6667,Tier 1 – High Priority,Terentang Baru
1504052014,2,3,0.6667,Tier 1 – High Priority,Kaos
1572052004,2,3,0.6667,Tier 1 – High Priority,Sandaran Galeh
1572052005,2,3,0.6667,Tier 1 – High Priority,Debai
1572052006,2,3,0.6667,Tier 1 – High Priority,Pinggir Air
1572052008,2,3,0.6667,Tier 1 – High Priority,Ulu Air
1572062005,2,3,0.6667,Tier 1 – High Priority,Lawang Agung
1572072003,2,3,0.6667,Tier 1 – High Priority,Kampung Tengah
1501052015,2,3,0.6667,Tier 1 – High Priority,Koto Majidin Hilir
1572042005,2,3,0.6667,Tier 1 – High Priority,Sembilan
1572042006,2,3,0.6667,Tier 1 – High Priority,Koto Tuo
1572042007,2,3,0.6667,Tier 1 – High Priority,Koto Panap
1572042009,2,3,0.6667,Tier 1 – High Priority,Tanjung Bunga
1572042013,2,3,0.6667,Tier 1 – High Priority,Mekar Jaya
1572052001,2,3,0.6667,Tier 1 – High Priority,Kumun Hilir
1503082010,1,2,0.5,Tier 2 – Moderate,Pulaubuayo
1509072005,1,2,0.5,Tier 2 – Moderate,Sungai Pandan
1572052002,1,3,0.3333,Tier 2 – Moderate,Kumun Mudik
1504062008,1,3,0.3333,Tier 2 – Moderate,Tebing Tinggi
1501052022,1,3,0.3333,Tier 2 – Moderate,Air Tenang
1572052003,1,3,0.3333,Tier 2 – Moderate,Air Teluh
1572062003,1,3,0.3333,Tier 2 – Moderate,Pondok Agung
1572032006,1,3,0.3333,Tier 2 – Moderate,Kampung Dalam
1501062016,1,3,0.3333,Tier 2 – Moderate,Danautinggi
1501072008,1,3,0.3333,Tier 2 – Moderate,Pematang Lingkung
1501072010,1,3,0.3333,Tier 2 – Moderate,Seberang Merangin
1502182014,1,3,0.3333,Tier 2 – Moderate,Kabu
1502182008,1,3,0.3333,Tier 2 – Moderate,Gedang
1501062014,1,3,0.3333,Tier 2 – Moderate,Suko Pangkat
1501062015,1,3,0.3333,Tier 2 – Moderate,Sungaibetung Mudik
1502232007,1,3,0.3333,Tier 2 – Moderate,Ngaol
1508062013,1,3,0.3333,Tier 2 – Moderate,Cilodang
1502092001,1,3,0.3333,Tier 2 – Moderate,Nilo Dingin
1502092009,1,3,0.3333,Tier 2 – Moderate,Muaro Pangi
1502122001,1,3,0.3333,Tier 2 – Moderate,Lubuk Gaung
1502122002,1,3,0.3333,Tier 2 – Moderate,Salam Buku
1508082001,1,3,0.3333,Tier 2 – Moderate,Mangun Jayo
1502232005,1,3,0.3333,Tier 2 – Moderate,Sungai Tabir
1502172001,1,3,0.3333,Tier 2 – Moderate,Baru Pangkalan Jambu
1502232008,1,3,0.3333,Tier 2 – Moderate,Air Liki
1502232010,1,3,0.3333,Tier 2 – Moderate,Muara Langeh
1502162011,1,3,0.3333,Tier 2 – Moderate,Simpang Parit
1502182001,1,3,0.3333,Tier 2 – Moderate,Tanjung Mudo
1502172005,1,3,0.3333,Tier 2 – Moderate,Bungo Tanjung
1502132004,1,3,0.3333,Tier 2 – Moderate,Pinang Merah
1502142004,1,3,0.3333,Tier 2 – Moderate,Rejo Sari
1506132010,1,3,0.3333,Tier 2 – Moderate,Sungaikepayang
1507012015,1,3,0.3333,Tier 2 – Moderate,Siau Dalam
1503012021,1,3,0.3333,Tier 2 – Moderate,Bukit Berantai
1503012022,1,3,0.3333,Tier 2 – Moderate,Bukit Sulah
1503022006,1,3,0.3333,Tier 2 – Moderate,Temenggung
1503012023,1,3,0.3333,Tier 2 – Moderate,Paniban Baru
1507052003,1,3,0.3333,Tier 2 – Moderate,Sungai Jambat
1507042015,1,3,0.3333,Tier 2 – Moderate,Pematang Mayan
1502062010,1,3,0.3333,Tier 2 – Moderate,Muara Belengo
1502062012,1,3,0.3333,Tier 2 – Moderate,Pauh Menang
1502212005,1,3,0.3333,Tier 2 – Moderate,Lubuk Bumbun
1507092005,1,3,0.3333,Tier 2 – Moderate,Sinar Wajo
1502032017,1,3,0.3333,Tier 2 – Moderate,Rantau Bidaro
1502032012,1,3,0.3333,Tier 2 – Moderate,Muara Siau
1502072013,1,3,0.3333,Tier 2 – Moderate,Medan Baru
1502072011,1,3,0.3333,Tier 2 – Moderate,Pulau Aro
1503012006,1,3,0.3333,Tier 2 – Moderate,Batu Empang
1503012008,1,3,0.3333,Tier 2 – Moderate,P. Salak Baru
1507032014,1,3,0.3333,Tier 2 – Moderate,Sinar Kalimantan
1503012005,1,3,0.3333,Tier 2 – Moderate,Batin Pengambang
1502042025,1,3,0.3333,Tier 2 – Moderate,Benteng
1503042010,1,3,0.3333,Tier 2 – Moderate,Sepintun
1503042021,1,3,0.3333,Tier 2 – Moderate,Taman Bandung
1506132007,1,3,0.3333,Tier 2 – Moderate,Lumahan
1503012011,1,3,0.3333,Tier 2 – Moderate,Pekan Gedang
1503012012,1,3,0.3333,Tier 2 – Moderate,Raden Anom
1503042007,1,3,0.3333,Tier 2 – Moderate,Kasang Melintang
1503022013,1,3,0.3333,Tier 2 – Moderate,Mersip
1506122007,1,3,0.3333,Tier 2 – Moderate,Sungaigebar Barat
1506122003,1,3,0.3333,Tier 2 – Moderate,Betara Kanan
1503012019,1,3,0.3333,Tier 2 – Moderate,Kasiro
1503012013,1,3,0.3333,Tier 2 – Moderate,Datuk Nan Duo
1572032011,1,3,0.3333,Tier 2 – Moderate,Koto Dian
1501022018,1,3,0.3333,Tier 2 – Moderate,Tanjungharapan
1503102007,1,3,0.3333,Tier 2 – Moderate,Tambang Tinggi
1504012018,1,3,0.3333,Tier 2 – Moderate,Sengkati Mudo
1505032002,1,3,0.3333,Tier 2 – Moderate,Pulau Mentaro
1505032010,1,3,0.3333,Tier 2 – Moderate,Jebus
1506122009,1,3,0.3333,Tier 2 – Moderate,Kuala Indah
1503022014,1,3,0.3333,Tier 2 – Moderate,Tanjung Raden
1501202014,1,3,0.3333,Tier 2 – Moderate,Pengasi Baru
1502012010,1,3,0.3333,Tier 2 – Moderate,Koto Renah
1501182008,1,3,0.3333,Tier 2 – Moderate,Sungailangkap
1501202013,1,3,0.3333,Tier 2 – Moderate,Karang Pandan
1501192016,1,3,0.3333,Tier 2 – Moderate,Pasar Minggu
1506072006,1,3,0.3333,Tier 2 – Moderate,Lubuk Bernai
1503042003,1,3,0.3333,Tier 2 – Moderate,Batu Ampar
1503022017,1,3,0.3333,Tier 2 – Moderate,Muara Mensao
1506092003,1,3,0.3333,Tier 2 – Moderate,Intan Jaya
1506082007,1,3,0.3333,Tier 2 – Moderate,Muaradanau
1506082008,1,3,0.3333,Tier 2 – Moderate,Tanahtumbuh
1506072009,1,3,0.3333,Tier 2 – Moderate,Rawangkempas
1506082003,1,3,0.3333,Tier 2 – Moderate,Rantau Benar
1506072011,1,3,0.3333,Tier 2 – Moderate,Sungaibadar
1506082004,1,3,0.3333,Tier 2 – Moderate,Lampisi
1506082006,1,3,0.3333,Tier 2 – Moderate,Sungairotan
1506092006,1,3,0.3333,Tier 2 – Moderate,Rantau Badak Lamo
1506082009,1,3,0.3333,Tier 2 – Moderate,Sungaipaur
1506112003,1,3,0.3333,Tier 2 – Moderate,Tanjungsenjulang
1506102005,1,3,0.3333,Tier 2 – Moderate,Mekar Alam
1506102004,1,3,0.3333,Tier 2 – Moderate,Telukpulai Raya
1506102003,1,3,0.3333,Tier 2 – Moderate,Kuala Baru
1506072005,1,3,0.3333,Tier 2 – Moderate,Kampung Baru
1501202004,1,3,0.3333,Tier 2 – Moderate,Lolo Hilir
1506072004,1,3,0.3333,Tier 2 – Moderate,Tanjungbojo
1506032019,1,3,0.3333,Tier 2 – Moderate,Sungairaya
1506042008,1,3,0.3333,Tier 2 – Moderate,Makmur Jaya
1506052013,1,3,0.3333,Tier 2 – Moderate,Bukitharapan
1506032014,1,3,0.3333,Tier 2 – Moderate,Sungaijering
1503062022,1,3,0.3333,Tier 2 – Moderate,Mandiangin Pasar
1501172007,1,3,0.3333,Tier 2 – Moderate,Koto Tuo
1501162030,1,3,0.3333,Tier 2 – Moderate,Tutung Bungkuk
1509022014,1,3,0.3333,Tier 2 – Moderate,Kunangan
1501172012,1,3,0.3333,Tier 2 – Moderate,Koto Lanang
1509022011,1,3,0.3333,Tier 2 – Moderate,Betung Bedarah Timur
1503062023,1,3,0.3333,Tier 2 – Moderate,Sungai Rotan
1503062021,1,3,0.3333,Tier 2 – Moderate,Kute Jaye
1503062009,1,3,0.3333,Tier 2 – Moderate,Kertopati
1501112028,1,3,0.3333,Tier 2 – Moderate,Baru Sungaiabu
1509032015,1,3,0.3333,Tier 2 – Moderate,Jambu
1506032017,1,3,0.3333,Tier 2 – Moderate,Sungaibaung
1509062003,1,3,0.3333,Tier 2 – Moderate,Teluk Kayu Putih
1509062007,1,3,0.3333,Tier 2 – Moderate,Muara Niro
1501162007,1,3,0.3333,Tier 2 – Moderate,Koto Rendah
1503062002,1,3,0.3333,Tier 2 – Moderate,Rangkiling Simpang
1503052021,1,3,0.3333,Tier 2 – Moderate,Pasar Pelawan
1503062004,1,3,0.3333,Tier 2 – Moderate,Gurun Tuo Simpang
1503062005,1,3,0.3333,Tier 2 – Moderate,Gurun Mudo
1505112005,1,3,0.3333,Tier 2 – Moderate,Teluk Jambu
1503052013,1,3,0.3333,Tier 2 – Moderate,Sungai Merah
1503042022,1,3,0.3333,Tier 2 – Moderate,Danau Serdang
1506012006,1,3,0.3333,Tier 2 – Moderate,Taman Raja
1505112004,1,3,0.3333,Tier 2 – Moderate,Kemingking Dalam
1505112009,1,3,0.3333,Tier 2 – Moderate,Rukam
1506092010,1,3,0.3333,Tier 2 – Moderate,Pematang Balam
1506092009,1,3,0.3333,Tier 2 – Moderate,Sungaimuluk
1501022013,1,3,0.3333,Tier 2 – Moderate,Simpang Empat
1501022005,1,3,0.3333,Tier 2 – Moderate,Tebing Tinggi
1501022001,1,3,0.3333,Tier 2 – Moderate,Sanggaran Agung
1501022015,1,3,0.3333,Tier 2 – Moderate,Dusun Baru Tanjung Tanah
1505012011,1,3,0.3333,Tier 2 – Moderate,Sembubuk
1505012013,1,3,0.3333,Tier 2 – Moderate,Penyengat Olak
1505032018,1,3,0.3333,Tier 2 – Moderate,Rondang
1505042017,1,3,0.3333,Tier 2 – Moderate,Bakung
1504032010,1,3,0.3333,Tier 2 – Moderate,Rambahan
1505052006,1,3,0.3333,Tier 2 – Moderate,Sebapo
1505052016,1,3,0.3333,Tier 2 – Moderate,Pondok Meja
1505062002,1,3,0.3333,Tier 2 – Moderate,Muara Kumpeh
1503092010,1,3,0.3333,Tier 2 – Moderate,Bukit Talang Mas
1505062003,1,3,0.3333,Tier 2 – Moderate,Kota Karang
1503102004,1,3,0.3333,Tier 2 – Moderate,Teluktigo
1505112010,1,3,0.3333,Tier 2 – Moderate,Manis Mato
1505062011,1,3,0.3333,Tier 2 – Moderate,Tarikan
1505092009,1,3,0.3333,Tier 2 – Moderate,Markanding
1505092011,1,3,0.3333,Tier 2 – Moderate,Bahar Mulya
1501092041,1,3,0.3333,Tier 2 – Moderate,Renah Kasah
1501092048,1,3,0.3333,Tier 2 – Moderate,Tanjungbungo
1505082004,1,3,0.3333,Tier 2 – Moderate,Ladang Panjang
1505092007,1,3,0.3333,Tier 2 – Moderate,Sumber Jaya
1505092008,1,3,0.3333,Tier 2 – Moderate,Pinang Tinggi
1505072006,1,3,0.3333,Tier 2 – Moderate,Panca Mulya
1505062023,1,3,0.3333,Tier 2 – Moderate,Kasang Kumpeh
1505072012,1,3,0.3333,Tier 2 – Moderate,Tanjung Harapan
1505102008,1,3,0.3333,Tier 2 – Moderate,Bukit Jaya
1503082014,1,3,0.3333,Tier 2 – Moderate,Suka Jadi
1503082013,1,3,0.3333,Tier 2 – Moderate,Muaralati
1503082005,1,3,0.3333,Tier 2 – Moderate,Bangun Jayo
1503052003,1,3,0.3333,Tier 2 – Moderate,Pulauaro
1501022004,1,3,0.3333,Tier 2 – Moderate,Seleman
1503092013,1,3,0.3333,Tier 2 – Moderate,Sendang Sari
1501082004,1,3,0.3333,Tier 2 – Moderate,Pidung
1501082018,1,3,0.3333,Tier 2 – Moderate,Telago
1504052013,0,3,0.0,Tier 3 – Not Flagged,Pulau Raman
1502172003,0,3,0.0,Tier 3 – Not Flagged,Birun
1507052002,0,3,0.0,Tier 3 – Not Flagged,Air Hitam Laut
1507042013,0,3,0.0,Tier 3 – Not Flagged,Karya Bakti
1503022010,0,3,0.0,Tier 3 – Not Flagged,Maribung
1503012018,0,3,0.0,Tier 3 – Not Flagged,Padang Jering
1506132002,0,3,0.0,Tier 3 – Not Flagged,Sungaikayu Aro
1506072007,0,3,0.0,Tier 3 – Not Flagged,Rawamedang
1503022011,0,3,0.0,Tier 3 – Not Flagged,Napal Melintang
1506092008,0,3,0.0,Tier 3 – Not Flagged,Sungaipapauh
1506082010,0,3,0.0,Tier 3 – Not Flagged,Bukitbakar
1506112010,0,3,0.0,Tier 3 – Not Flagged,Semau
1506062006,0,3,0.0,Tier 3 – Not Flagged,Telukpengkah
1506052006,0,3,0.0,Tier 3 – Not Flagged,Lubuk Terap
1506052005,0,3,0.0,Tier 3 – Not Flagged,Penyabungan
1503062020,0,3,0.0,Tier 3 – Not Flagged,Gurun Baru
1506102008,0,3,0.0,Tier 3 – Not Flagged,Muaraseberang
1506112008,0,3,0.0,Tier 3 – Not Flagged,Kemuning
1501162034,0,3,0.0,Tier 3 – Not Flagged,Bendar Sedap
1509032004,0,3,0.0,Tier 3 – Not Flagged,Teluk Kembang Jambu
1506102006,0,3,0.0,Tier 3 – Not Flagged,Harapan Jaya
1506012021,0,3,0.0,Tier 3 – Not Flagged,Badang Sepakat
1506032007,0,3,0.0,Tier 3 – Not Flagged,Sungaiserindit
1503052023,0,3,0.0,Tier 3 – Not Flagged,Lubuk Sayak
1503092005,0,3,0.0,Tier 3 – Not Flagged,Bukitmurau
1505032011,0,3,0.0,Tier 3 – Not Flagged,Gedong Karya
1505052004,0,3,0.0,Tier 3 – Not Flagged,Ibru
1501012002,0,1,0.0,Tier 3 – Not Flagged,Air Mumu
